date,day_index,year,month,day_of_week,day_name,max_customers,base_customers,customer_sd,weekly_multiplier,seasonal_multiplier,trend_multiplier,combined_multiplier,expected_customers,revenue_entry_fee,revenue_consumables,revenue_other,total_expected_revenue,expenses_daily,expenses_weekly,expenses_monthly,expenses_yearly,expenses_investment,total_expected_expenses,net_daily_cashflow
2025-12-08,1,2025,12,2,lundi,50,10,4,0.8,1,1,0.8,8,120,24,48,192,0,0,0,0,0,0,192
2025-12-09,2,2025,12,3,mardi,50,10,4,0.9,1,1,0.9,9,135,27,54,216,0,0,0,0,0,0,216
2025-12-10,3,2025,12,4,mercredi,50,10,4,1,1,1,1,10,150,30,60,240,0,0,0,0,0,0,240
2025-12-11,4,2025,12,5,jeudi,50,10,4,1,1,1,1,10,150,30,60,240,0,0,0,0,0,0,240
2025-12-12,5,2025,12,6,vendredi,50,10,4,1.3,1,1,1.3,13,195,39,78,312,0,0,0,0,0,0,312
2025-12-13,6,2025,12,7,samedi,50,10,4,1.5,1,1,1.5,15,225,45,90,360,0,0,0,0,0,0,360
2025-12-14,7,2025,12,1,dimanche,50,10,4,1.1,1,1,1.1,11,165,33,66,264,0,300,0,0,0,300,-36
2025-12-15,8,2025,12,2,lundi,50,10,4,0.8,1,1,0.8,8,120,24,48,192,0,0,0,0,0,0,192
2025-12-16,9,2025,12,3,mardi,50,10,4,0.9,1,1,0.9,9,135,27,54,216,0,0,0,0,0,0,216
2025-12-17,10,2025,12,4,mercredi,50,10,4,1,1,1,1,10,150,30,60,240,0,0,0,0,0,0,240
2025-12-18,11,2025,12,5,jeudi,50,10,4,1,1,1,1,10,150,30,60,240,0,0,0,0,0,0,240
2025-12-19,12,2025,12,6,vendredi,50,10,4,1.3,1,1,1.3,13,195,39,78,312,0,0,0,0,0,0,312
2025-12-20,13,2025,12,7,samedi,50,10,4,1.5,1.8,1,2.7,27,405,81,162,648,0,0,0,0,0,0,648
2025-12-21,14,2025,12,1,dimanche,50,10,4,1.1,1.8,1,1.98,19.8,297,59.4,118.8,475.2,0,300,0,0,0,300,175.2
2025-12-22,15,2025,12,2,lundi,50,10,4,0.8,1.8,1,1.44,14.4,216,43.2,86.4,345.6,0,0,0,0,0,0,345.6
2025-12-23,16,2025,12,3,mardi,50,10,4,0.9,1.8,1,1.62,16.2,243,48.6,97.2,388.8,0,0,0,0,0,0,388.8
2025-12-24,17,2025,12,4,mercredi,50,10,4,1,1.8,1,1.8,18,270,54,108,432,0,0,0,0,0,0,432
2025-12-25,18,2025,12,5,jeudi,50,10,4,1,1.8,1,1.8,18,270,54,108,432,0,0,0,0,0,0,432
2025-12-26,19,2025,12,6,vendredi,50,10,4,1.3,1.8,1,2.34,23.4,351,70.2,140.4,561.6,0,0,0,0,0,0,561.6
2025-12-27,20,2025,12,7,samedi,50,10,4,1.5,1.8,1,2.7,27,405,81,162,648,0,0,0,0,0,0,648
2025-12-28,21,2025,12,1,dimanche,50,10,4,1.1,1.8,1,1.98,19.8,297,59.4,118.8,475.2,0,300,0,0,0,300,175.2
2025-12-29,22,2025,12,2,lundi,50,10,4,0.8,1.8,1,1.44,14.4,216,43.2,86.4,345.6,0,0,0,0,0,0,345.6
2025-12-30,23,2025,12,3,mardi,50,10,4,0.9,1.8,1,1.62,16.2,243,48.6,97.2,388.8,0,0,0,0,0,0,388.8
2025-12-31,24,2025,12,4,mercredi,50,10,4,1,1.8,1,1.8,18,270,54,108,432,0,0,0,0,0,0,432
2026-01-01,25,2026,1,5,jeudi,50,10,4,1,1,1,1,10,150,30,60,240,0,0,6000,7000,0,13000,-12760
2026-01-02,26,2026,1,6,vendredi,50,10,4,1.3,1,1,1.3,13,195,39,78,312,0,0,0,0,0,0,312
2026-01-03,27,2026,1,7,samedi,50,10,4,1.5,1,1,1.5,15,225,45,90,360,0,0,0,0,0,0,360
2026-01-04,28,2026,1,1,dimanche,50,10,4,1.1,1,1,1.1,11,165,33,66,264,0,300,0,0,0,300,-36
2026-01-05,29,2026,1,2,lundi,50,10,4,0.8,1,1,0.8,8,120,24,48,192,0,0,0,0,0,0,192
2026-01-06,30,2026,1,3,mardi,50,10,4,0.9,1,1,0.9,9,135,27,54,216,0,0,0,0,0,0,216
2026-01-07,31,2026,1,4,mercredi,50,10,4,1,1,1,1,10,150,30,60,240,0,0,0,0,15000,15000,-14760
2026-01-08,32,2026,1,5,jeudi,50,10,4,1,1,1,1,10,150,30,60,240,0,0,0,0,0,0,240
2026-01-09,33,2026,1,6,vendredi,50,10,4,1.3,1,1,1.3,13,195,39,78,312,0,0,0,0,0,0,312
2026-01-10,34,2026,1,7,samedi,50,10,4,1.5,1,1,1.5,15,225,45,90,360,0,0,0,0,0,0,360
2026-01-11,35,2026,1,1,dimanche,50,10,4,1.1,1,1,1.1,11,165,33,66,264,0,300,0,0,0,300,-36
2026-01-12,36,2026,1,2,lundi,50,10,4,0.8,1,1,0.8,8,120,24,48,192,0,0,0,0,0,0,192
2026-01-13,37,2026,1,3,mardi,50,10,4,0.9,1,1,0.9,9,135,27,54,216,0,0,0,0,0,0,216
2026-01-14,38,2026,1,4,mercredi,50,10,4,1,1,1,1,10,150,30,60,240,0,0,0,0,0,0,240
2026-01-15,39,2026,1,5,jeudi,50,10,4,1,1,1,1,10,150,30,60,240,0,0,0,0,0,0,240
2026-01-16,40,2026,1,6,vendredi,50,10,4,1.3,1,1,1.3,13,195,39,78,312,0,0,0,0,0,0,312
2026-01-17,41,2026,1,7,samedi,50,10,4,1.5,1,1,1.5,15,225,45,90,360,0,0,0,0,0,0,360
2026-01-18,42,2026,1,1,dimanche,50,10,4,1.1,1,1,1.1,11,165,33,66,264,0,300,0,0,0,300,-36
2026-01-19,43,2026,1,2,lundi,50,10,4,0.8,1,1,0.8,8,120,24,48,192,0,0,0,0,0,0,192
2026-01-20,44,2026,1,3,mardi,50,10,4,0.9,1,1,0.9,9,135,27,54,216,0,0,0,0,0,0,216
2026-01-21,45,2026,1,4,mercredi,50,10,4,1,1,1,1,10,150,30,60,240,0,0,0,0,0,0,240
2026-01-22,46,2026,1,5,jeudi,50,10,4,1,1,1,1,10,150,30,60,240,0,0,0,0,0,0,240
2026-01-23,47,2026,1,6,vendredi,50,10,4,1.3,1,1,1.3,13,195,39,78,312,0,0,0,0,0,0,312
2026-01-24,48,2026,1,7,samedi,50,10,4,1.5,1,1,1.5,15,225,45,90,360,0,0,0,0,0,0,360
2026-01-25,49,2026,1,1,dimanche,50,10,4,1.1,1,1,1.1,11,165,33,66,264,0,300,0,0,0,300,-36
2026-01-26,50,2026,1,2,lundi,50,10,4,0.8,1,1,0.8,8,120,24,48,192,0,0,0,0,0,0,192
2026-01-27,51,2026,1,3,mardi,50,10,4,0.9,1,1,0.9,9,135,27,54,216,0,0,0,0,0,0,216
2026-01-28,52,2026,1,4,mercredi,50,10,4,1,1,1,1,10,150,30,60,240,0,0,0,0,0,0,240
2026-01-29,53,2026,1,5,jeudi,50,10,4,1,1,1,1,10,150,30,60,240,0,0,0,0,0,0,240
2026-01-30,54,2026,1,6,vendredi,50,10,4,1.3,1,1,1.3,13,195,39,78,312,0,0,0,0,0,0,312
2026-01-31,55,2026,1,7,samedi,50,10,4,1.5,1,1,1.5,15,225,45,90,360,0,0,0,0,0,0,360
2026-02-01,56,2026,2,1,dimanche,50,10,4,1.1,1,1,1.1,11,165,33,66,264,0,300,6000,0,0,6300,-6036
2026-02-02,57,2026,2,2,lundi,50,10,4,0.8,1,1,0.8,8,120,24,48,192,0,0,0,0,0,0,192
2026-02-03,58,2026,2,3,mardi,50,10,4,0.9,1,1,0.9,9,135,27,54,216,0,0,0,0,0,0,216
2026-02-04,59,2026,2,4,mercredi,50,10,4,1,1,1,1,10,150,30,60,240,0,0,0,0,0,0,240
2026-02-05,60,2026,2,5,jeudi,50,10,4,1,1,1,1,10,150,30,60,240,0,0,0,0,0,0,240
2026-02-06,61,2026,2,6,vendredi,50,10,4,1.3,1,1,1.3,13,195,39,78,312,0,0,0,0,0,0,312
2026-02-07,62,2026,2,7,samedi,50,10,4,1.5,1,1,1.5,15,225,45,90,360,0,0,0,0,0,0,360
2026-02-08,63,2026,2,1,dimanche,50,10,4,1.1,2.5,1,2.75,27.5,412.5,82.5,165,660,0,300,0,0,0,300,360
2026-02-09,64,2026,2,2,lundi,50,10,4,0.8,2.5,1,2,20,300,60,120,480,0,0,0,0,0,0,480
2026-02-10,65,2026,2,3,mardi,50,10,4,0.9,2.5,1,2.25,22.5,337.5,67.5,135,540,0,0,0,0,0,0,540
2026-02-11,66,2026,2,4,mercredi,50,10,4,1,2.5,1,2.5,25,375,75,150,600,0,0,0,0,0,0,600
2026-02-12,67,2026,2,5,jeudi,50,10,4,1,2.5,1,2.5,25,375,75,150,600,0,0,0,0,0,0,600
2026-02-13,68,2026,2,6,vendredi,50,10,4,1.3,2.5,1,3.25,32.5,487.5,97.5,195,780,0,0,0,0,0,0,780
2026-02-14,69,2026,2,7,samedi,50,10,4,1.5,2.5,1,3.75,37.5,562.5,112.5,225,900,0,0,0,0,0,0,900
2026-02-15,70,2026,2,1,dimanche,50,10,4,1.1,1,1,1.1,11,165,33,66,264,0,300,0,0,0,300,-36
2026-02-16,71,2026,2,2,lundi,50,10,4,0.8,1,1,0.8,8,120,24,48,192,0,0,0,0,0,0,192
2026-02-17,72,2026,2,3,mardi,50,10,4,0.9,1,1,0.9,9,135,27,54,216,0,0,0,0,0,0,216
2026-02-18,73,2026,2,4,mercredi,50,10,4,1,1,1,1,10,150,30,60,240,0,0,0,0,0,0,240
2026-02-19,74,2026,2,5,jeudi,50,10,4,1,1,1,1,10,150,30,60,240,0,0,0,0,0,0,240
2026-02-20,75,2026,2,6,vendredi,50,10,4,1.3,1,1,1.3,13,195,39,78,312,0,0,0,0,0,0,312
2026-02-21,76,2026,2,7,samedi,50,10,4,1.5,1,1,1.5,15,225,45,90,360,0,0,0,0,0,0,360
2026-02-22,77,2026,2,1,dimanche,50,10,4,1.1,1,1,1.1,11,165,33,66,264,0,300,0,0,0,300,-36
2026-02-23,78,2026,2,2,lundi,50,10,4,0.8,1,1,0.8,8,120,24,48,192,0,0,0,0,0,0,192
2026-02-24,79,2026,2,3,mardi,50,10,4,0.9,1,1,0.9,9,135,27,54,216,0,0,0,0,0,0,216
2026-02-25,80,2026,2,4,mercredi,50,10,4,1,1,1,1,10,150,30,60,240,0,0,0,0,0,0,240
2026-02-26,81,2026,2,5,jeudi,50,10,4,1,1,1,1,10,150,30,60,240,0,0,0,0,0,0,240
2026-02-27,82,2026,2,6,vendredi,50,10,4,1.3,1,1,1.3,13,195,39,78,312,0,0,0,0,0,0,312
2026-02-28,83,2026,2,7,samedi,50,10,4,1.5,1,1,1.5,15,225,45,90,360,0,0,0,0,0,0,360
2026-03-01,84,2026,3,1,dimanche,50,10,4,1.1,1,1,1.1,11,165,33,66,264,0,300,6000,0,0,6300,-6036
2026-03-02,85,2026,3,2,lundi,50,10,4,0.8,1,1,0.8,8,120,24,48,192,0,0,0,0,0,0,192
2026-03-03,86,2026,3,3,mardi,50,10,4,0.9,1,1,0.9,9,135,27,54,216,0,0,0,0,0,0,216
2026-03-04,87,2026,3,4,mercredi,50,10,4,1,1,1,1,10,150,30,60,240,0,0,0,0,0,0,240
2026-03-05,88,2026,3,5,jeudi,50,10,4,1,1,1,1,10,150,30,60,240,0,0,0,0,0,0,240
2026-03-06,89,2026,3,6,vendredi,50,10,4,1.3,1,1,1.3,13,195,39,78,312,0,0,0,0,0,0,312
2026-03-07,90,2026,3,7,samedi,50,10,4,1.5,1,1,1.5,15,225,45,90,360,0,0,0,0,0,0,360
2026-03-08,91,2026,3,1,dimanche,50,10,4,1.1,1,1,1.1,11,165,33,66,264,0,300,0,0,0,300,-36
2026-03-09,92,2026,3,2,lundi,50,10,4,0.8,1,1,0.8,8,120,24,48,192,0,0,0,0,0,0,192
2026-03-10,93,2026,3,3,mardi,50,10,4,0.9,1,1,0.9,9,135,27,54,216,0,0,0,0,0,0,216
2026-03-11,94,2026,3,4,mercredi,50,10,4,1,1,1,1,10,150,30,60,240,0,0,0,0,0,0,240
2026-03-12,95,2026,3,5,jeudi,50,10,4,1,1,1,1,10,150,30,60,240,0,0,0,0,0,0,240
2026-03-13,96,2026,3,6,vendredi,50,10,4,1.3,1,1,1.3,13,195,39,78,312,0,0,0,0,0,0,312
2026-03-14,97,2026,3,7,samedi,50,10,4,1.5,1,1,1.5,15,225,45,90,360,0,0,0,0,0,0,360
2026-03-15,98,2026,3,1,dimanche,50,10,4,1.1,1,1,1.1,11,165,33,66,264,0,300,0,0,0,300,-36
2026-03-16,99,2026,3,2,lundi,50,10,4,0.8,1,1,0.8,8,120,24,48,192,0,0,0,0,0,0,192
2026-03-17,100,2026,3,3,mardi,50,10,4,0.9,1,1,0.9,9,135,27,54,216,0,0,0,0,0,0,216
2026-03-18,101,2026,3,4,mercredi,50,10,4,1,1,1,1,10,150,30,60,240,0,0,0,0,0,0,240
2026-03-19,102,2026,3,5,jeudi,50,10,4,1,1,1,1,10,150,30,60,240,0,0,0,0,0,0,240
2026-03-20,103,2026,3,6,vendredi,50,10,4,1.3,1,1,1.3,13,195,39,78,312,0,0,0,0,0,0,312
2026-03-21,104,2026,3,7,samedi,50,10,4,1.5,1,1,1.5,15,225,45,90,360,0,0,0,0,0,0,360
2026-03-22,105,2026,3,1,dimanche,50,10,4,1.1,1,1,1.1,11,165,33,66,264,0,300,0,0,0,300,-36
2026-03-23,106,2026,3,2,lundi,50,10,4,0.8,1,1,0.8,8,120,24,48,192,0,0,0,0,0,0,192
2026-03-24,107,2026,3,3,mardi,50,10,4,0.9,1,1,0.9,9,135,27,54,216,0,0,0,0,0,0,216
2026-03-25,108,2026,3,4,mercredi,50,10,4,1,1,1,1,10,150,30,60,240,0,0,0,0,0,0,240
2026-03-26,109,2026,3,5,jeudi,50,10,4,1,1,1,1,10,150,30,60,240,0,0,0,0,0,0,240
2026-03-27,110,2026,3,6,vendredi,50,10,4,1.3,1,1,1.3,13,195,39,78,312,0,0,0,0,0,0,312
2026-03-28,111,2026,3,7,samedi,50,10,4,1.5,1,1,1.5,15,225,45,90,360,0,0,0,0,0,0,360
2026-03-29,112,2026,3,1,dimanche,50,10,4,1.1,1.4,1,1.54,15.4,231,46.2,92.4,369.6,0,300,0,0,0,300,69.6
2026-03-30,113,2026,3,2,lundi,50,10,4,0.8,1.4,1,1.12,11.2,168,33.6,67.2,268.8,0,0,0,0,0,0,268.8
2026-03-31,114,2026,3,3,mardi,50,10,4,0.9,1.4,1,1.26,12.6,189,37.8,75.6,302.4,0,0,0,0,0,0,302.4
2026-04-01,115,2026,4,4,mercredi,50,10,4,1,1.4,1,1.4,14,210,42,84,336,0,0,6000,0,0,6000,-5664
2026-04-02,116,2026,4,5,jeudi,50,10,4,1,1.4,1,1.4,14,210,42,84,336,0,0,0,0,0,0,336
2026-04-03,117,2026,4,6,vendredi,50,10,4,1.3,1.4,1,1.82,18.2,273,54.6,109.2,436.8,0,0,0,0,0,0,436.8
2026-04-04,118,2026,4,7,samedi,50,10,4,1.5,1.4,1,2.1,21,315,63,126,504,0,0,0,0,0,0,504
2026-04-05,119,2026,4,1,dimanche,50,10,4,1.1,1.4,1,1.54,15.4,231,46.2,92.4,369.6,0,300,0,0,0,300,69.6
2026-04-06,120,2026,4,2,lundi,50,10,4,0.8,1,1,0.8,8,120,24,48,192,0,0,0,0,0,0,192
2026-04-07,121,2026,4,3,mardi,50,10,4,0.9,1,1,0.9,9,135,27,54,216,0,0,0,0,0,0,216
2026-04-08,122,2026,4,4,mercredi,50,10,4,1,1,1,1,10,150,30,60,240,0,0,0,0,0,0,240
2026-04-09,123,2026,4,5,jeudi,50,10,4,1,1,1,1,10,150,30,60,240,0,0,0,0,0,0,240
2026-04-10,124,2026,4,6,vendredi,50,10,4,1.3,1,1,1.3,13,195,39,78,312,0,0,0,0,0,0,312
2026-04-11,125,2026,4,7,samedi,50,10,4,1.5,1,1,1.5,15,225,45,90,360,0,0,0,0,0,0,360
2026-04-12,126,2026,4,1,dimanche,50,10,4,1.1,1,1,1.1,11,165,33,66,264,0,300,0,0,0,300,-36
2026-04-13,127,2026,4,2,lundi,50,10,4,0.8,1,1,0.8,8,120,24,48,192,0,0,0,0,0,0,192
2026-04-14,128,2026,4,3,mardi,50,10,4,0.9,1,1,0.9,9,135,27,54,216,0,0,0,0,0,0,216
2026-04-15,129,2026,4,4,mercredi,50,10,4,1,1,1,1,10,150,30,60,240,0,0,0,0,0,0,240
2026-04-16,130,2026,4,5,jeudi,50,10,4,1,1,1,1,10,150,30,60,240,0,0,0,0,0,0,240
2026-04-17,131,2026,4,6,vendredi,50,10,4,1.3,1,1,1.3,13,195,39,78,312,0,0,0,0,0,0,312
2026-04-18,132,2026,4,7,samedi,50,10,4,1.5,1,1,1.5,15,225,45,90,360,0,0,0,0,0,0,360
2026-04-19,133,2026,4,1,dimanche,50,10,4,1.1,1,1,1.1,11,165,33,66,264,0,300,0,0,0,300,-36
2026-04-20,134,2026,4,2,lundi,50,10,4,0.8,1,1,0.8,8,120,24,48,192,0,0,0,0,0,0,192
2026-04-21,135,2026,4,3,mardi,50,10,4,0.9,1,1,0.9,9,135,27,54,216,0,0,0,0,0,0,216
2026-04-22,136,2026,4,4,mercredi,50,10,4,1,1,1,1,10,150,30,60,240,0,0,0,0,0,0,240
2026-04-23,137,2026,4,5,jeudi,50,10,4,1,1,1,1,10,150,30,60,240,0,0,0,0,0,0,240
2026-04-24,138,2026,4,6,vendredi,50,10,4,1.3,1,1,1.3,13,195,39,78,312,0,0,0,0,0,0,312
2026-04-25,139,2026,4,7,samedi,50,10,4,1.5,1,1,1.5,15,225,45,90,360,0,0,0,0,0,0,360
2026-04-26,140,2026,4,1,dimanche,50,10,4,1.1,1,1,1.1,11,165,33,66,264,0,300,0,0,0,300,-36
2026-04-27,141,2026,4,2,lundi,50,10,4,0.8,1,1,0.8,8,120,24,48,192,0,0,0,0,0,0,192
2026-04-28,142,2026,4,3,mardi,50,10,4,0.9,1,1,0.9,9,135,27,54,216,0,0,0,0,0,0,216
2026-04-29,143,2026,4,4,mercredi,50,10,4,1,1,1,1,10,150,30,60,240,0,0,0,0,0,0,240
2026-04-30,144,2026,4,5,jeudi,50,10,4,1,1,1,1,10,150,30,60,240,0,0,0,0,0,0,240
2026-05-01,145,2026,5,6,vendredi,50,10,4,1.3,1,1,1.3,13,195,39,78,312,0,0,6000,0,0,6000,-5688
2026-05-02,146,2026,5,7,samedi,50,10,4,1.5,1,1,1.5,15,225,45,90,360,0,0,0,0,0,0,360
2026-05-03,147,2026,5,1,dimanche,50,10,4,1.1,1,1,1.1,11,165,33,66,264,0,300,0,0,0,300,-36
2026-05-04,148,2026,5,2,lundi,50,10,4,0.8,1,1,0.8,8,120,24,48,192,0,0,0,0,0,0,192
2026-05-05,149,2026,5,3,mardi,50,10,4,0.9,1,1,0.9,9,135,27,54,216,0,0,0,0,0,0,216
2026-05-06,150,2026,5,4,mercredi,50,10,4,1,1,1,1,10,150,30,60,240,0,0,0,0,0,0,240
2026-05-07,151,2026,5,5,jeudi,50,10,4,1,1,1,1,10,150,30,60,240,0,0,0,0,0,0,240
2026-05-08,152,2026,5,6,vendredi,50,10,4,1.3,1,1,1.3,13,195,39,78,312,0,0,0,0,0,0,312
2026-05-09,153,2026,5,7,samedi,50,10,4,1.5,1,1,1.5,15,225,45,90,360,0,0,0,0,0,0,360
2026-05-10,154,2026,5,1,dimanche,50,10,4,1.1,1,1,1.1,11,165,33,66,264,0,300,0,0,0,300,-36
2026-05-11,155,2026,5,2,lundi,50,10,4,0.8,1,1,0.8,8,120,24,48,192,0,0,0,0,0,0,192
2026-05-12,156,2026,5,3,mardi,50,10,4,0.9,1,1,0.9,9,135,27,54,216,0,0,0,0,0,0,216
2026-05-13,157,2026,5,4,mercredi,50,10,4,1,1,1,1,10,150,30,60,240,0,0,0,0,0,0,240
2026-05-14,158,2026,5,5,jeudi,50,10,4,1,1,1,1,10,150,30,60,240,0,0,0,0,0,0,240
2026-05-15,159,2026,5,6,vendredi,50,10,4,1.3,1,1,1.3,13,195,39,78,312,0,0,0,0,0,0,312
2026-05-16,160,2026,5,7,samedi,50,10,4,1.5,1,1,1.5,15,225,45,90,360,0,0,0,0,0,0,360
2026-05-17,161,2026,5,1,dimanche,50,10,4,1.1,1,1,1.1,11,165,33,66,264,0,300,0,0,0,300,-36
2026-05-18,162,2026,5,2,lundi,50,10,4,0.8,1,1,0.8,8,120,24,48,192,0,0,0,0,0,0,192
2026-05-19,163,2026,5,3,mardi,50,10,4,0.9,1,1,0.9,9,135,27,54,216,0,0,0,0,0,0,216
2026-05-20,164,2026,5,4,mercredi,50,10,4,1,1,1,1,10,150,30,60,240,0,0,0,0,0,0,240
2026-05-21,165,2026,5,5,jeudi,50,10,4,1,1,1,1,10,150,30,60,240,0,0,0,0,0,0,240
2026-05-22,166,2026,5,6,vendredi,50,10,4,1.3,1,1,1.3,13,195,39,78,312,0,0,0,0,0,0,312
2026-05-23,167,2026,5,7,samedi,50,10,4,1.5,1,1,1.5,15,225,45,90,360,0,0,0,0,0,0,360
2026-05-24,168,2026,5,1,dimanche,50,10,4,1.1,1,1,1.1,11,165,33,66,264,0,300,0,0,0,300,-36
2026-05-25,169,2026,5,2,lundi,50,10,4,0.8,1,1,0.8,8,120,24,48,192,0,0,0,0,0,0,192
2026-05-26,170,2026,5,3,mardi,50,10,4,0.9,1,1,0.9,9,135,27,54,216,0,0,0,0,0,0,216
2026-05-27,171,2026,5,4,mercredi,50,10,4,1,1,1,1,10,150,30,60,240,0,0,0,0,0,0,240
2026-05-28,172,2026,5,5,jeudi,50,10,4,1,1,1,1,10,150,30,60,240,0,0,0,0,0,0,240
2026-05-29,173,2026,5,6,vendredi,50,10,4,1.3,1,1,1.3,13,195,39,78,312,0,0,0,0,0,0,312
2026-05-30,174,2026,5,7,samedi,50,10,4,1.5,1,1,1.5,15,225,45,90,360,0,0,0,0,0,0,360
2026-05-31,175,2026,5,1,dimanche,50,10,4,1.1,1,1,1.1,11,165,33,66,264,0,300,0,0,0,300,-36
2026-06-01,176,2026,6,2,lundi,50,10,4,0.8,1,1,0.8,8,120,24,48,192,0,0,6000,0,0,6000,-5808
2026-06-02,177,2026,6,3,mardi,50,10,4,0.9,1,1,0.9,9,135,27,54,216,0,0,0,0,0,0,216
2026-06-03,178,2026,6,4,mercredi,50,10,4,1,1,1,1,10,150,30,60,240,0,0,0,0,0,0,240
2026-06-04,179,2026,6,5,jeudi,50,10,4,1,1,1,1,10,150,30,60,240,0,0,0,0,0,0,240
2026-06-05,180,2026,6,6,vendredi,50,10,4,1.3,1,1,1.3,13,195,39,78,312,0,0,0,0,0,0,312
2026-06-06,181,2026,6,7,samedi,50,10,4,1.5,1,1,1.5,15,225,45,90,360,0,0,0,0,0,0,360
2026-06-07,182,2026,6,1,dimanche,50,10,4,1.1,1,1,1.1,11,165,33,66,264,0,300,0,0,0,300,-36
2026-06-08,183,2026,6,2,lundi,50,10,4,0.8,1,1,0.8,8,120,24,48,192,0,0,0,0,0,0,192
2026-06-09,184,2026,6,3,mardi,50,10,4,0.9,1,1,0.9,9,135,27,54,216,0,0,0,0,0,0,216
2026-06-10,185,2026,6,4,mercredi,50,10,4,1,1,1,1,10,150,30,60,240,0,0,0,0,0,0,240
2026-06-11,186,2026,6,5,jeudi,50,10,4,1,1,1,1,10,150,30,60,240,0,0,0,0,0,0,240
2026-06-12,187,2026,6,6,vendredi,50,10,4,1.3,1,1,1.3,13,195,39,78,312,0,0,0,0,0,0,312
2026-06-13,188,2026,6,7,samedi,50,10,4,1.5,1,1,1.5,15,225,45,90,360,0,0,0,0,0,0,360
2026-06-14,189,2026,6,1,dimanche,50,10,4,1.1,1,1,1.1,11,165,33,66,264,0,300,0,0,0,300,-36
2026-06-15,190,2026,6,2,lundi,50,10,4,0.8,1,1,0.8,8,120,24,48,192,0,0,0,0,0,0,192
2026-06-16,191,2026,6,3,mardi,50,10,4,0.9,1,1,0.9,9,135,27,54,216,0,0,0,0,0,0,216
2026-06-17,192,2026,6,4,mercredi,50,10,4,1,1,1,1,10,150,30,60,240,0,0,0,0,0,0,240
2026-06-18,193,2026,6,5,jeudi,50,10,4,1,1,1,1,10,150,30,60,240,0,0,0,0,0,0,240
2026-06-19,194,2026,6,6,vendredi,50,10,4,1.3,1,1,1.3,13,195,39,78,312,0,0,0,0,0,0,312
2026-06-20,195,2026,6,7,samedi,50,10,4,1.5,1,1,1.5,15,225,45,90,360,0,0,0,0,0,0,360
2026-06-21,196,2026,6,1,dimanche,50,10,4,1.1,1,1,1.1,11,165,33,66,264,0,300,0,0,0,300,-36
2026-06-22,197,2026,6,2,lundi,50,10,4,0.8,1,1,0.8,8,120,24,48,192,0,0,0,0,0,0,192
2026-06-23,198,2026,6,3,mardi,50,10,4,0.9,1,1,0.9,9,135,27,54,216,0,0,0,0,0,0,216
2026-06-24,199,2026,6,4,mercredi,50,10,4,1,1,1,1,10,150,30,60,240,0,0,0,0,0,0,240
2026-06-25,200,2026,6,5,jeudi,50,10,4,1,1,1,1,10,150,30,60,240,0,0,0,0,0,0,240
2026-06-26,201,2026,6,6,vendredi,50,10,4,1.3,1,1,1.3,13,195,39,78,312,0,0,0,0,0,0,312
2026-06-27,202,2026,6,7,samedi,50,10,4,1.5,1,1,1.5,15,225,45,90,360,0,0,0,0,0,0,360
2026-06-28,203,2026,6,1,dimanche,50,10,4,1.1,1,1,1.1,11,165,33,66,264,0,300,0,0,0,300,-36
2026-06-29,204,2026,6,2,lundi,50,10,4,0.8,1,1,0.8,8,120,24,48,192,0,0,0,0,0,0,192
2026-06-30,205,2026,6,3,mardi,50,10,4,0.9,1,1,0.9,9,135,27,54,216,0,0,0,0,0,0,216
2026-07-01,206,2026,7,4,mercredi,50,10,4,1,1.2,1,1.2,12,180,36,72,288,0,0,6000,0,0,6000,-5712
2026-07-02,207,2026,7,5,jeudi,50,10,4,1,1.2,1,1.2,12,180,36,72,288,0,0,0,0,0,0,288
2026-07-03,208,2026,7,6,vendredi,50,10,4,1.3,1.2,1,1.56,15.6,234,46.8,93.6,374.4,0,0,0,0,0,0,374.4
2026-07-04,209,2026,7,7,samedi,50,10,4,1.5,1.2,1,1.8,18,270,54,108,432,0,0,0,0,0,0,432
2026-07-05,210,2026,7,1,dimanche,50,10,4,1.1,1.2,1,1.32,13.2,198,39.6,79.2,316.8,0,300,0,0,0,300,16.8
2026-07-06,211,2026,7,2,lundi,50,10,4,0.8,1.2,1,0.96,9.6,144,28.8,57.6,230.4,0,0,0,0,0,0,230.4
2026-07-07,212,2026,7,3,mardi,50,10,4,0.9,1.2,1,1.08,10.8,162,32.4,64.8,259.2,0,0,0,0,0,0,259.2
2026-07-08,213,2026,7,4,mercredi,50,10,4,1,1.2,1,1.2,12,180,36,72,288,0,0,0,0,0,0,288
2026-07-09,214,2026,7,5,jeudi,50,10,4,1,1.2,1,1.2,12,180,36,72,288,0,0,0,0,0,0,288
2026-07-10,215,2026,7,6,vendredi,50,10,4,1.3,1.2,1,1.56,15.6,234,46.8,93.6,374.4,0,0,0,0,0,0,374.4
2026-07-11,216,2026,7,7,samedi,50,10,4,1.5,1.2,1,1.8,18,270,54,108,432,0,0,0,0,0,0,432
2026-07-12,217,2026,7,1,dimanche,50,10,4,1.1,1.2,1,1.32,13.2,198,39.6,79.2,316.8,0,300,0,0,0,300,16.8
2026-07-13,218,2026,7,2,lundi,50,10,4,0.8,1.2,1,0.96,9.6,144,28.8,57.6,230.4,0,0,0,0,0,0,230.4
2026-07-14,219,2026,7,3,mardi,50,10,4,0.9,1.2,1,1.08,10.8,162,32.4,64.8,259.2,0,0,0,0,0,0,259.2
2026-07-15,220,2026,7,4,mercredi,50,10,4,1,1.2,1,1.2,12,180,36,72,288,0,0,0,0,0,0,288
2026-07-16,221,2026,7,5,jeudi,50,10,4,1,1.2,1,1.2,12,180,36,72,288,0,0,0,0,0,0,288
2026-07-17,222,2026,7,6,vendredi,50,10,4,1.3,1.2,1,1.56,15.6,234,46.8,93.6,374.4,0,0,0,0,0,0,374.4
2026-07-18,223,2026,7,7,samedi,50,10,4,1.5,1.2,1,1.8,18,270,54,108,432,0,0,0,0,0,0,432
2026-07-19,224,2026,7,1,dimanche,50,10,4,1.1,1.2,1,1.32,13.2,198,39.6,79.2,316.8,0,300,0,0,0,300,16.8
2026-07-20,225,2026,7,2,lundi,50,10,4,0.8,1.2,1,0.96,9.6,144,28.8,57.6,230.4,0,0,0,0,0,0,230.4
2026-07-21,226,2026,7,3,mardi,50,10,4,0.9,1.2,1,1.08,10.8,162,32.4,64.8,259.2,0,0,0,0,0,0,259.2
2026-07-22,227,2026,7,4,mercredi,50,10,4,1,1.2,1,1.2,12,180,36,72,288,0,0,0,0,0,0,288
2026-07-23,228,2026,7,5,jeudi,50,10,4,1,1.2,1,1.2,12,180,36,72,288,0,0,0,0,0,0,288
2026-07-24,229,2026,7,6,vendredi,50,10,4,1.3,1.2,1,1.56,15.6,234,46.8,93.6,374.4,0,0,0,0,0,0,374.4
2026-07-25,230,2026,7,7,samedi,50,10,4,1.5,1.2,1,1.8,18,270,54,108,432,0,0,0,0,0,0,432
2026-07-26,231,2026,7,1,dimanche,50,10,4,1.1,1.2,1,1.32,13.2,198,39.6,79.2,316.8,0,300,0,0,0,300,16.8
2026-07-27,232,2026,7,2,lundi,50,10,4,0.8,1.2,1,0.96,9.6,144,28.8,57.6,230.4,0,0,0,0,0,0,230.4
2026-07-28,233,2026,7,3,mardi,50,10,4,0.9,1.2,1,1.08,10.8,162,32.4,64.8,259.2,0,0,0,0,0,0,259.2
2026-07-29,234,2026,7,4,mercredi,50,10,4,1,1.2,1,1.2,12,180,36,72,288,0,0,0,0,0,0,288
2026-07-30,235,2026,7,5,jeudi,50,10,4,1,1.2,1,1.2,12,180,36,72,288,0,0,0,0,0,0,288
2026-07-31,236,2026,7,6,vendredi,50,10,4,1.3,1.2,1,1.56,15.6,234,46.8,93.6,374.4,0,0,0,0,0,0,374.4
2026-08-01,237,2026,8,7,samedi,50,10,4,1.5,1.2,1,1.8,18,270,54,108,432,0,0,6000,0,0,6000,-5568
2026-08-02,238,2026,8,1,dimanche,50,10,4,1.1,1.2,1,1.32,13.2,198,39.6,79.2,316.8,0,300,0,0,0,300,16.8
2026-08-03,239,2026,8,2,lundi,50,10,4,0.8,1.2,1,0.96,9.6,144,28.8,57.6,230.4,0,0,0,0,0,0,230.4
2026-08-04,240,2026,8,3,mardi,50,10,4,0.9,1.2,1,1.08,10.8,162,32.4,64.8,259.2,0,0,0,0,0,0,259.2
2026-08-05,241,2026,8,4,mercredi,50,10,4,1,1.2,1,1.2,12,180,36,72,288,0,0,0,0,0,0,288
2026-08-06,242,2026,8,5,jeudi,50,10,4,1,1.2,1,1.2,12,180,36,72,288,0,0,0,0,0,0,288
2026-08-07,243,2026,8,6,vendredi,50,10,4,1.3,1.2,1,1.56,15.6,234,46.8,93.6,374.4,0,0,0,0,0,0,374.4
2026-08-08,244,2026,8,7,samedi,50,10,4,1.5,1.2,1,1.8,18,270,54,108,432,0,0,0,0,0,0,432
2026-08-09,245,2026,8,1,dimanche,50,10,4,1.1,1.2,1,1.32,13.2,198,39.6,79.2,316.8,0,300,0,0,0,300,16.8
2026-08-10,246,2026,8,2,lundi,50,10,4,0.8,1.2,1,0.96,9.6,144,28.8,57.6,230.4,0,0,0,0,0,0,230.4
2026-08-11,247,2026,8,3,mardi,50,10,4,0.9,1.2,1,1.08,10.8,162,32.4,64.8,259.2,0,0,0,0,0,0,259.2
2026-08-12,248,2026,8,4,mercredi,50,10,4,1,1.2,1,1.2,12,180,36,72,288,0,0,0,0,0,0,288
2026-08-13,249,2026,8,5,jeudi,50,10,4,1,1.2,1,1.2,12,180,36,72,288,0,0,0,0,0,0,288
2026-08-14,250,2026,8,6,vendredi,50,10,4,1.3,1.2,1,1.56,15.6,234,46.8,93.6,374.4,0,0,0,0,0,0,374.4
2026-08-15,251,2026,8,7,samedi,50,10,4,1.5,1.2,1,1.8,18,270,54,108,432,0,0,0,0,0,0,432
2026-08-16,252,2026,8,1,dimanche,50,10,4,1.1,1.2,1,1.32,13.2,198,39.6,79.2,316.8,0,300,0,0,0,300,16.8
2026-08-17,253,2026,8,2,lundi,50,10,4,0.8,1.2,1,0.96,9.6,144,28.8,57.6,230.4,0,0,0,0,0,0,230.4
2026-08-18,254,2026,8,3,mardi,50,10,4,0.9,1.2,1,1.08,10.8,162,32.4,64.8,259.2,0,0,0,0,0,0,259.2
2026-08-19,255,2026,8,4,mercredi,50,10,4,1,1.2,1,1.2,12,180,36,72,288,0,0,0,0,0,0,288
2026-08-20,256,2026,8,5,jeudi,50,10,4,1,1.2,1,1.2,12,180,36,72,288,0,0,0,0,0,0,288
2026-08-21,257,2026,8,6,vendredi,50,10,4,1.3,1.2,1,1.56,15.6,234,46.8,93.6,374.4,0,0,0,0,0,0,374.4
2026-08-22,258,2026,8,7,samedi,50,10,4,1.5,1.2,1,1.8,18,270,54,108,432,0,0,0,0,0,0,432
2026-08-23,259,2026,8,1,dimanche,50,10,4,1.1,1.2,1,1.32,13.2,198,39.6,79.2,316.8,0,300,0,0,0,300,16.8
2026-08-24,260,2026,8,2,lundi,50,10,4,0.8,1.2,1,0.96,9.6,144,28.8,57.6,230.4,0,0,0,0,0,0,230.4
2026-08-25,261,2026,8,3,mardi,50,10,4,0.9,1.2,1,1.08,10.8,162,32.4,64.8,259.2,0,0,0,0,0,0,259.2
2026-08-26,262,2026,8,4,mercredi,50,10,4,1,1.2,1,1.2,12,180,36,72,288,0,0,0,0,0,0,288
2026-08-27,263,2026,8,5,jeudi,50,10,4,1,1.2,1,1.2,12,180,36,72,288,0,0,0,0,0,0,288
2026-08-28,264,2026,8,6,vendredi,50,10,4,1.3,1.2,1,1.56,15.6,234,46.8,93.6,374.4,0,0,0,0,0,0,374.4
2026-08-29,265,2026,8,7,samedi,50,10,4,1.5,1.2,1,1.8,18,270,54,108,432,0,0,0,0,0,0,432
2026-08-30,266,2026,8,1,dimanche,50,10,4,1.1,1.2,1,1.32,13.2,198,39.6,79.2,316.8,0,300,0,0,0,300,16.8
2026-08-31,267,2026,8,2,lundi,50,10,4,0.8,1.2,1,0.96,9.6,144,28.8,57.6,230.4,0,0,0,0,0,0,230.4
2026-09-01,268,2026,9,3,mardi,50,10,4,0.9,0.7,1,0.63,6.3,94.5,18.9,37.8,151.2,0,0,6000,0,0,6000,-5848.8
2026-09-02,269,2026,9,4,mercredi,50,10,4,1,0.7,1,0.7,7,105,21,42,168,0,0,0,0,0,0,168
2026-09-03,270,2026,9,5,jeudi,50,10,4,1,0.7,1,0.7,7,105,21,42,168,0,0,0,0,0,0,168
2026-09-04,271,2026,9,6,vendredi,50,10,4,1.3,0.7,1,0.91,9.1,136.5,27.3,54.6,218.4,0,0,0,0,0,0,218.4
2026-09-05,272,2026,9,7,samedi,50,10,4,1.5,0.7,1,1.05,10.5,157.5,31.5,63,252,0,0,0,0,0,0,252
2026-09-06,273,2026,9,1,dimanche,50,10,4,1.1,0.7,1,0.77,7.7,115.5,23.1,46.2,184.8,0,300,0,0,0,300,-115.2
2026-09-07,274,2026,9,2,lundi,50,10,4,0.8,0.7,1,0.56,5.6,84,16.8,33.6,134.4,0,0,0,0,0,0,134.4
2026-09-08,275,2026,9,3,mardi,50,10,4,0.9,0.7,1,0.63,6.3,94.5,18.9,37.8,151.2,0,0,0,0,0,0,151.2
2026-09-09,276,2026,9,4,mercredi,50,10,4,1,0.7,1,0.7,7,105,21,42,168,0,0,0,0,0,0,168
2026-09-10,277,2026,9,5,jeudi,50,10,4,1,0.7,1,0.7,7,105,21,42,168,0,0,0,0,0,0,168
2026-09-11,278,2026,9,6,vendredi,50,10,4,1.3,0.7,1,0.91,9.1,136.5,27.3,54.6,218.4,0,0,0,0,0,0,218.4
2026-09-12,279,2026,9,7,samedi,50,10,4,1.5,0.7,1,1.05,10.5,157.5,31.5,63,252,0,0,0,0,0,0,252
2026-09-13,280,2026,9,1,dimanche,50,10,4,1.1,0.7,1,0.77,7.7,115.5,23.1,46.2,184.8,0,300,0,0,0,300,-115.2
2026-09-14,281,2026,9,2,lundi,50,10,4,0.8,0.7,1,0.56,5.6,84,16.8,33.6,134.4,0,0,0,0,0,0,134.4
2026-09-15,282,2026,9,3,mardi,50,10,4,0.9,0.7,1,0.63,6.3,94.5,18.9,37.8,151.2,0,0,0,0,0,0,151.2
2026-09-16,283,2026,9,4,mercredi,50,10,4,1,1,1,1,10,150,30,60,240,0,0,0,0,0,0,240
2026-09-17,284,2026,9,5,jeudi,50,10,4,1,1,1,1,10,150,30,60,240,0,0,0,0,0,0,240
2026-09-18,285,2026,9,6,vendredi,50,10,4,1.3,1,1,1.3,13,195,39,78,312,0,0,0,0,0,0,312
2026-09-19,286,2026,9,7,samedi,50,10,4,1.5,1,1,1.5,15,225,45,90,360,0,0,0,0,0,0,360
2026-09-20,287,2026,9,1,dimanche,50,10,4,1.1,1,1,1.1,11,165,33,66,264,0,300,0,0,0,300,-36
2026-09-21,288,2026,9,2,lundi,50,10,4,0.8,1,1,0.8,8,120,24,48,192,0,0,0,0,0,0,192
2026-09-22,289,2026,9,3,mardi,50,10,4,0.9,1,1,0.9,9,135,27,54,216,0,0,0,0,0,0,216
2026-09-23,290,2026,9,4,mercredi,50,10,4,1,1,1,1,10,150,30,60,240,0,0,0,0,0,0,240
2026-09-24,291,2026,9,5,jeudi,50,10,4,1,1,1,1,10,150,30,60,240,0,0,0,0,0,0,240
2026-09-25,292,2026,9,6,vendredi,50,10,4,1.3,1,1,1.3,13,195,39,78,312,0,0,0,0,0,0,312
2026-09-26,293,2026,9,7,samedi,50,10,4,1.5,1,1,1.5,15,225,45,90,360,0,0,0,0,0,0,360
2026-09-27,294,2026,9,1,dimanche,50,10,4,1.1,1,1,1.1,11,165,33,66,264,0,300,0,0,0,300,-36
2026-09-28,295,2026,9,2,lundi,50,10,4,0.8,1,1,0.8,8,120,24,48,192,0,0,0,0,0,0,192
2026-09-29,296,2026,9,3,mardi,50,10,4,0.9,1,1,0.9,9,135,27,54,216,0,0,0,0,0,0,216
2026-09-30,297,2026,9,4,mercredi,50,10,4,1,1,1,1,10,150,30,60,240,0,0,0,0,0,0,240
2026-10-01,298,2026,10,5,jeudi,50,10,4,1,1,1,1,10,150,30,60,240,0,0,6000,0,0,6000,-5760
2026-10-02,299,2026,10,6,vendredi,50,10,4,1.3,1,1,1.3,13,195,39,78,312,0,0,0,0,0,0,312
2026-10-03,300,2026,10,7,samedi,50,10,4,1.5,1,1,1.5,15,225,45,90,360,0,0,0,0,0,0,360
2026-10-04,301,2026,10,1,dimanche,50,10,4,1.1,1,1,1.1,11,165,33,66,264,0,300,0,0,0,300,-36
2026-10-05,302,2026,10,2,lundi,50,10,4,0.8,1,1,0.8,8,120,24,48,192,0,0,0,0,0,0,192
2026-10-06,303,2026,10,3,mardi,50,10,4,0.9,1,1,0.9,9,135,27,54,216,0,0,0,0,0,0,216
2026-10-07,304,2026,10,4,mercredi,50,10,4,1,1,1,1,10,150,30,60,240,0,0,0,0,0,0,240
2026-10-08,305,2026,10,5,jeudi,50,10,4,1,1,1,1,10,150,30,60,240,0,0,0,0,0,0,240
2026-10-09,306,2026,10,6,vendredi,50,10,4,1.3,1,1,1.3,13,195,39,78,312,0,0,0,0,0,0,312
2026-10-10,307,2026,10,7,samedi,50,10,4,1.5,1,1,1.5,15,225,45,90,360,0,0,0,0,0,0,360
2026-10-11,308,2026,10,1,dimanche,50,10,4,1.1,1,1,1.1,11,165,33,66,264,0,300,0,0,0,300,-36
2026-10-12,309,2026,10,2,lundi,50,10,4,0.8,1,1,0.8,8,120,24,48,192,0,0,0,0,0,0,192
2026-10-13,310,2026,10,3,mardi,50,10,4,0.9,1,1,0.9,9,135,27,54,216,0,0,0,0,0,0,216
2026-10-14,311,2026,10,4,mercredi,50,10,4,1,1,1,1,10,150,30,60,240,0,0,0,0,0,0,240
2026-10-15,312,2026,10,5,jeudi,50,10,4,1,1,1,1,10,150,30,60,240,0,0,0,0,0,0,240
2026-10-16,313,2026,10,6,vendredi,50,10,4,1.3,1,1,1.3,13,195,39,78,312,0,0,0,0,0,0,312
2026-10-17,314,2026,10,7,samedi,50,10,4,1.5,1,1,1.5,15,225,45,90,360,0,0,0,0,0,0,360
2026-10-18,315,2026,10,1,dimanche,50,10,4,1.1,1,1,1.1,11,165,33,66,264,0,300,0,0,0,300,-36
2026-10-19,316,2026,10,2,lundi,50,10,4,0.8,1,1,0.8,8,120,24,48,192,0,0,0,0,0,0,192
2026-10-20,317,2026,10,3,mardi,50,10,4,0.9,1,1,0.9,9,135,27,54,216,0,0,0,0,0,0,216
2026-10-21,318,2026,10,4,mercredi,50,10,4,1,1,1,1,10,150,30,60,240,0,0,0,0,0,0,240
2026-10-22,319,2026,10,5,jeudi,50,10,4,1,1,1,1,10,150,30,60,240,0,0,0,0,0,0,240
2026-10-23,320,2026,10,6,vendredi,50,10,4,1.3,1,1,1.3,13,195,39,78,312,0,0,0,0,0,0,312
2026-10-24,321,2026,10,7,samedi,50,10,4,1.5,1,1,1.5,15,225,45,90,360,0,0,0,0,0,0,360
2026-10-25,322,2026,10,1,dimanche,50,10,4,1.1,1,1,1.1,11,165,33,66,264,0,300,0,0,0,300,-36
2026-10-26,323,2026,10,2,lundi,50,10,4,0.8,1,1,0.8,8,120,24,48,192,0,0,0,0,0,0,192
2026-10-27,324,2026,10,3,mardi,50,10,4,0.9,1,1,0.9,9,135,27,54,216,0,0,0,0,0,0,216
2026-10-28,325,2026,10,4,mercredi,50,10,4,1,1,1,1,10,150,30,60,240,0,0,0,0,0,0,240
2026-10-29,326,2026,10,5,jeudi,50,10,4,1,1,1,1,10,150,30,60,240,0,0,0,0,0,0,240
2026-10-30,327,2026,10,6,vendredi,50,10,4,1.3,1,1,1.3,13,195,39,78,312,0,0,0,0,0,0,312
2026-10-31,328,2026,10,7,samedi,50,10,4,1.5,1,1,1.5,15,225,45,90,360,0,0,0,0,0,0,360
2026-11-01,329,2026,11,1,dimanche,50,10,4,1.1,1,1,1.1,11,165,33,66,264,0,300,6000,0,0,6300,-6036
2026-11-02,330,2026,11,2,lundi,50,10,4,0.8,1,1,0.8,8,120,24,48,192,0,0,0,0,0,0,192
2026-11-03,331,2026,11,3,mardi,50,10,4,0.9,1,1,0.9,9,135,27,54,216,0,0,0,0,0,0,216
2026-11-04,332,2026,11,4,mercredi,50,10,4,1,1,1,1,10,150,30,60,240,0,0,0,0,0,0,240
2026-11-05,333,2026,11,5,jeudi,50,10,4,1,1,1,1,10,150,30,60,240,0,0,0,0,0,0,240
2026-11-06,334,2026,11,6,vendredi,50,10,4,1.3,1,1,1.3,13,195,39,78,312,0,0,0,0,0,0,312
2026-11-07,335,2026,11,7,samedi,50,10,4,1.5,1,1,1.5,15,225,45,90,360,0,0,0,0,0,0,360
2026-11-08,336,2026,11,1,dimanche,50,10,4,1.1,1,1,1.1,11,165,33,66,264,0,300,0,0,0,300,-36
2026-11-09,337,2026,11,2,lundi,50,10,4,0.8,1,1,0.8,8,120,24,48,192,0,0,0,0,0,0,192
2026-11-10,338,2026,11,3,mardi,50,10,4,0.9,1,1,0.9,9,135,27,54,216,0,0,0,0,0,0,216
2026-11-11,339,2026,11,4,mercredi,50,10,4,1,1,1,1,10,150,30,60,240,0,0,0,0,0,0,240
2026-11-12,340,2026,11,5,jeudi,50,10,4,1,1,1,1,10,150,30,60,240,0,0,0,0,0,0,240
2026-11-13,341,2026,11,6,vendredi,50,10,4,1.3,1,1,1.3,13,195,39,78,312,0,0,0,0,0,0,312
2026-11-14,342,2026,11,7,samedi,50,10,4,1.5,1,1,1.5,15,225,45,90,360,0,0,0,0,0,0,360
2026-11-15,343,2026,11,1,dimanche,50,10,4,1.1,1,1,1.1,11,165,33,66,264,0,300,0,0,0,300,-36
2026-11-16,344,2026,11,2,lundi,50,10,4,0.8,1,1,0.8,8,120,24,48,192,0,0,0,0,0,0,192
2026-11-17,345,2026,11,3,mardi,50,10,4,0.9,1,1,0.9,9,135,27,54,216,0,0,0,0,0,0,216
2026-11-18,346,2026,11,4,mercredi,50,10,4,1,1,1,1,10,150,30,60,240,0,0,0,0,0,0,240
2026-11-19,347,2026,11,5,jeudi,50,10,4,1,1,1,1,10,150,30,60,240,0,0,0,0,0,0,240
2026-11-20,348,2026,11,6,vendredi,50,10,4,1.3,1,1,1.3,13,195,39,78,312,0,0,0,0,0,0,312
2026-11-21,349,2026,11,7,samedi,50,10,4,1.5,1,1,1.5,15,225,45,90,360,0,0,0,0,0,0,360
2026-11-22,350,2026,11,1,dimanche,50,10,4,1.1,1,1,1.1,11,165,33,66,264,0,300,0,0,0,300,-36
2026-11-23,351,2026,11,2,lundi,50,10,4,0.8,1,1,0.8,8,120,24,48,192,0,0,0,0,0,0,192
2026-11-24,352,2026,11,3,mardi,50,10,4,0.9,1,1,0.9,9,135,27,54,216,0,0,0,0,0,0,216
2026-11-25,353,2026,11,4,mercredi,50,10,4,1,1,1,1,10,150,30,60,240,0,0,0,0,0,0,240
2026-11-26,354,2026,11,5,jeudi,50,10,4,1,1,1,1,10,150,30,60,240,0,0,0,0,0,0,240
2026-11-27,355,2026,11,6,vendredi,50,10,4,1.3,1,1,1.3,13,195,39,78,312,0,0,0,0,0,0,312
2026-11-28,356,2026,11,7,samedi,50,10,4,1.5,1,1,1.5,15,225,45,90,360,0,0,0,0,0,0,360
2026-11-29,357,2026,11,1,dimanche,50,10,4,1.1,1,1,1.1,11,165,33,66,264,0,300,0,0,0,300,-36
2026-11-30,358,2026,11,2,lundi,50,10,4,0.8,1,1,0.8,8,120,24,48,192,0,0,0,0,0,0,192
2026-12-01,359,2026,12,3,mardi,50,10,4,0.9,1,1,0.9,9,135,27,54,216,0,0,6000,0,0,6000,-5784
2026-12-02,360,2026,12,4,mercredi,50,10,4,1,1,1,1,10,150,30,60,240,0,0,0,0,0,0,240
2026-12-03,361,2026,12,5,jeudi,50,10,4,1,1,1,1,10,150,30,60,240,0,0,0,0,0,0,240
2026-12-04,362,2026,12,6,vendredi,50,10,4,1.3,1,1,1.3,13,195,39,78,312,0,0,0,0,0,0,312
2026-12-05,363,2026,12,7,samedi,50,10,4,1.5,1,1,1.5,15,225,45,90,360,0,0,0,0,0,0,360
2026-12-06,364,2026,12,1,dimanche,50,10,4,1.1,1,1,1.1,11,165,33,66,264,0,300,0,0,0,300,-36
2026-12-07,365,2026,12,2,lundi,50,10,4,0.8,1,1,0.8,8,120,24,48,192,0,0,0,0,0,0,192
2026-12-08,366,2026,12,3,mardi,50,10,4,0.9,1,1,0.9,9,135,27,54,216,0,0,0,0,0,0,216
2026-12-09,367,2026,12,4,mercredi,50,10,4,1,1,1,1,10,150,30,60,240,0,0,0,0,0,0,240
2026-12-10,368,2026,12,5,jeudi,50,10,4,1,1,1,1,10,150,30,60,240,0,0,0,0,0,0,240
2026-12-11,369,2026,12,6,vendredi,50,10,4,1.3,1,1,1.3,13,195,39,78,312,0,0,0,0,0,0,312
2026-12-12,370,2026,12,7,samedi,50,10,4,1.5,1,1,1.5,15,225,45,90,360,0,0,0,0,0,0,360
2026-12-13,371,2026,12,1,dimanche,50,10,4,1.1,1,1,1.1,11,165,33,66,264,0,300,0,0,0,300,-36
2026-12-14,372,2026,12,2,lundi,50,10,4,0.8,1,1,0.8,8,120,24,48,192,0,0,0,0,0,0,192
2026-12-15,373,2026,12,3,mardi,50,10,4,0.9,1,1,0.9,9,135,27,54,216,0,0,0,0,0,0,216
2026-12-16,374,2026,12,4,mercredi,50,10,4,1,1,1,1,10,150,30,60,240,0,0,0,0,0,0,240
2026-12-17,375,2026,12,5,jeudi,50,10,4,1,1,1,1,10,150,30,60,240,0,0,0,0,0,0,240
2026-12-18,376,2026,12,6,vendredi,50,10,4,1.3,1,1,1.3,13,195,39,78,312,0,0,0,0,0,0,312
2026-12-19,377,2026,12,7,samedi,50,10,4,1.5,1,1,1.5,15,225,45,90,360,0,0,0,0,0,0,360
2026-12-20,378,2026,12,1,dimanche,50,10,4,1.1,1.8,1,1.98,19.8,297,59.4,118.8,475.2,0,300,0,0,0,300,175.2
2026-12-21,379,2026,12,2,lundi,50,10,4,0.8,1.8,1,1.44,14.4,216,43.2,86.4,345.6,0,0,0,0,0,0,345.6
2026-12-22,380,2026,12,3,mardi,50,10,4,0.9,1.8,1,1.62,16.2,243,48.6,97.2,388.8,0,0,0,0,0,0,388.8
2026-12-23,381,2026,12,4,mercredi,50,10,4,1,1.8,1,1.8,18,270,54,108,432,0,0,0,0,0,0,432
2026-12-24,382,2026,12,5,jeudi,50,10,4,1,1.8,1,1.8,18,270,54,108,432,0,0,0,0,0,0,432
2026-12-25,383,2026,12,6,vendredi,50,10,4,1.3,1.8,1,2.34,23.4,351,70.2,140.4,561.6,0,0,0,0,0,0,561.6
2026-12-26,384,2026,12,7,samedi,50,10,4,1.5,1.8,1,2.7,27,405,81,162,648,0,0,0,0,0,0,648
2026-12-27,385,2026,12,1,dimanche,50,10,4,1.1,1.8,1,1.98,19.8,297,59.4,118.8,475.2,0,300,0,0,0,300,175.2
2026-12-28,386,2026,12,2,lundi,50,10,4,0.8,1.8,1,1.44,14.4,216,43.2,86.4,345.6,0,0,0,0,0,0,345.6
2026-12-29,387,2026,12,3,mardi,50,10,4,0.9,1.8,1,1.62,16.2,243,48.6,97.2,388.8,0,0,0,0,0,0,388.8
2026-12-30,388,2026,12,4,mercredi,50,10,4,1,1.8,1,1.8,18,270,54,108,432,0,0,0,0,0,0,432
2026-12-31,389,2026,12,5,jeudi,50,10,4,1,1.8,1,1.8,18,270,54,108,432,0,0,0,0,0,0,432
2027-01-01,390,2027,1,6,vendredi,50,10,4,1.3,1,1,1.3,13,195,39,78,312,0,0,6000,7000,0,13000,-12688
2027-01-02,391,2027,1,7,samedi,50,10,4,1.5,1,1,1.5,15,225,45,90,360,0,0,0,0,0,0,360
2027-01-03,392,2027,1,1,dimanche,50,10,4,1.1,1,1,1.1,11,165,33,66,264,0,300,0,0,0,300,-36
2027-01-04,393,2027,1,2,lundi,50,10,4,0.8,1,1,0.8,8,120,24,48,192,0,0,0,0,0,0,192
2027-01-05,394,2027,1,3,mardi,50,10,4,0.9,1,1,0.9,9,135,27,54,216,0,0,0,0,0,0,216
2027-01-06,395,2027,1,4,mercredi,50,10,4,1,1,1,1,10,150,30,60,240,0,0,0,0,0,0,240
2027-01-07,396,2027,1,5,jeudi,50,10,4,1,1,1,1,10,150,30,60,240,0,0,0,0,0,0,240
2027-01-08,397,2027,1,6,vendredi,50,10,4,1.3,1,1,1.3,13,195,39,78,312,0,0,0,0,0,0,312
2027-01-09,398,2027,1,7,samedi,50,10,4,1.5,1,1,1.5,15,225,45,90,360,0,0,0,0,0,0,360
2027-01-10,399,2027,1,1,dimanche,50,10,4,1.1,1,1,1.1,11,165,33,66,264,0,300,0,0,0,300,-36
2027-01-11,400,2027,1,2,lundi,50,10,4,0.8,1,1,0.8,8,120,24,48,192,0,0,0,0,0,0,192
2027-01-12,401,2027,1,3,mardi,50,10,4,0.9,1,1,0.9,9,135,27,54,216,0,0,0,0,0,0,216
2027-01-13,402,2027,1,4,mercredi,50,10,4,1,1,1,1,10,150,30,60,240,0,0,0,0,0,0,240
2027-01-14,403,2027,1,5,jeudi,50,10,4,1,1,1,1,10,150,30,60,240,0,0,0,0,0,0,240
2027-01-15,404,2027,1,6,vendredi,50,10,4,1.3,1,1,1.3,13,195,39,78,312,0,0,0,0,0,0,312
2027-01-16,405,2027,1,7,samedi,50,10,4,1.5,1,1,1.5,15,225,45,90,360,0,0,0,0,0,0,360
2027-01-17,406,2027,1,1,dimanche,50,10,4,1.1,1,1,1.1,11,165,33,66,264,0,300,0,0,0,300,-36
2027-01-18,407,2027,1,2,lundi,50,10,4,0.8,1,1,0.8,8,120,24,48,192,0,0,0,0,0,0,192
2027-01-19,408,2027,1,3,mardi,50,10,4,0.9,1,1,0.9,9,135,27,54,216,0,0,0,0,0,0,216
2027-01-20,409,2027,1,4,mercredi,50,10,4,1,1,1,1,10,150,30,60,240,0,0,0,0,0,0,240
2027-01-21,410,2027,1,5,jeudi,50,10,4,1,1,1,1,10,150,30,60,240,0,0,0,0,0,0,240
2027-01-22,411,2027,1,6,vendredi,50,10,4,1.3,1,1,1.3,13,195,39,78,312,0,0,0,0,0,0,312
2027-01-23,412,2027,1,7,samedi,50,10,4,1.5,1,1,1.5,15,225,45,90,360,0,0,0,0,0,0,360
2027-01-24,413,2027,1,1,dimanche,50,10,4,1.1,1,1,1.1,11,165,33,66,264,0,300,0,0,0,300,-36
2027-01-25,414,2027,1,2,lundi,50,10,4,0.8,1,1,0.8,8,120,24,48,192,0,0,0,0,0,0,192
2027-01-26,415,2027,1,3,mardi,50,10,4,0.9,1,1,0.9,9,135,27,54,216,0,0,0,0,0,0,216
2027-01-27,416,2027,1,4,mercredi,50,10,4,1,1,1,1,10,150,30,60,240,0,0,0,0,0,0,240
2027-01-28,417,2027,1,5,jeudi,50,10,4,1,1,1,1,10,150,30,60,240,0,0,0,0,0,0,240
2027-01-29,418,2027,1,6,vendredi,50,10,4,1.3,1,1,1.3,13,195,39,78,312,0,0,0,0,0,0,312
2027-01-30,419,2027,1,7,samedi,50,10,4,1.5,1,1,1.5,15,225,45,90,360,0,0,0,0,0,0,360
2027-01-31,420,2027,1,1,dimanche,50,10,4,1.1,1,1,1.1,11,165,33,66,264,0,300,0,0,0,300,-36
2027-02-01,421,2027,2,2,lundi,50,10,4,0.8,1,1,0.8,8,120,24,48,192,0,0,6000,0,0,6000,-5808
2027-02-02,422,2027,2,3,mardi,50,10,4,0.9,1,1,0.9,9,135,27,54,216,0,0,0,0,0,0,216
2027-02-03,423,2027,2,4,mercredi,50,10,4,1,1,1,1,10,150,30,60,240,0,0,0,0,0,0,240
2027-02-04,424,2027,2,5,jeudi,50,10,4,1,1,1,1,10,150,30,60,240,0,0,0,0,0,0,240
2027-02-05,425,2027,2,6,vendredi,50,10,4,1.3,1,1,1.3,13,195,39,78,312,0,0,0,0,0,0,312
2027-02-06,426,2027,2,7,samedi,50,10,4,1.5,1,1,1.5,15,225,45,90,360,0,0,0,0,0,0,360
2027-02-07,427,2027,2,1,dimanche,50,10,4,1.1,1,1,1.1,11,165,33,66,264,0,300,0,0,0,300,-36
2027-02-08,428,2027,2,2,lundi,50,10,4,0.8,2.5,1,2,20,300,60,120,480,0,0,0,0,0,0,480
2027-02-09,429,2027,2,3,mardi,50,10,4,0.9,2.5,1,2.25,22.5,337.5,67.5,135,540,0,0,0,0,0,0,540
2027-02-10,430,2027,2,4,mercredi,50,10,4,1,2.5,1,2.5,25,375,75,150,600,0,0,0,0,0,0,600
2027-02-11,431,2027,2,5,jeudi,50,10,4,1,2.5,1,2.5,25,375,75,150,600,0,0,0,0,0,0,600
2027-02-12,432,2027,2,6,vendredi,50,10,4,1.3,2.5,1,3.25,32.5,487.5,97.5,195,780,0,0,0,0,0,0,780
2027-02-13,433,2027,2,7,samedi,50,10,4,1.5,2.5,1,3.75,37.5,562.5,112.5,225,900,0,0,0,0,0,0,900
2027-02-14,434,2027,2,1,dimanche,50,10,4,1.1,2.5,1,2.75,27.5,412.5,82.5,165,660,0,300,0,0,0,300,360
2027-02-15,435,2027,2,2,lundi,50,10,4,0.8,1,1,0.8,8,120,24,48,192,0,0,0,0,0,0,192
2027-02-16,436,2027,2,3,mardi,50,10,4,0.9,1,1,0.9,9,135,27,54,216,0,0,0,0,0,0,216
2027-02-17,437,2027,2,4,mercredi,50,10,4,1,1,1,1,10,150,30,60,240,0,0,0,0,0,0,240
2027-02-18,438,2027,2,5,jeudi,50,10,4,1,1,1,1,10,150,30,60,240,0,0,0,0,0,0,240
2027-02-19,439,2027,2,6,vendredi,50,10,4,1.3,1,1,1.3,13,195,39,78,312,0,0,0,0,0,0,312
2027-02-20,440,2027,2,7,samedi,50,10,4,1.5,1,1,1.5,15,225,45,90,360,0,0,0,0,0,0,360
2027-02-21,441,2027,2,1,dimanche,50,10,4,1.1,1,1,1.1,11,165,33,66,264,0,300,0,0,0,300,-36
2027-02-22,442,2027,2,2,lundi,50,10,4,0.8,1,1,0.8,8,120,24,48,192,0,0,0,0,0,0,192
2027-02-23,443,2027,2,3,mardi,50,10,4,0.9,1,1,0.9,9,135,27,54,216,0,0,0,0,0,0,216
2027-02-24,444,2027,2,4,mercredi,50,10,4,1,1,1,1,10,150,30,60,240,0,0,0,0,0,0,240
2027-02-25,445,2027,2,5,jeudi,50,10,4,1,1,1,1,10,150,30,60,240,0,0,0,0,0,0,240
2027-02-26,446,2027,2,6,vendredi,50,10,4,1.3,1,1,1.3,13,195,39,78,312,0,0,0,0,0,0,312
2027-02-27,447,2027,2,7,samedi,50,10,4,1.5,1,1,1.5,15,225,45,90,360,0,0,0,0,0,0,360
2027-02-28,448,2027,2,1,dimanche,50,10,4,1.1,1,1,1.1,11,165,33,66,264,0,300,0,0,0,300,-36
2027-03-01,449,2027,3,2,lundi,50,10,4,0.8,1,1,0.8,8,120,24,48,192,0,0,6000,0,0,6000,-5808
2027-03-02,450,2027,3,3,mardi,50,10,4,0.9,1,1,0.9,9,135,27,54,216,0,0,0,0,0,0,216
2027-03-03,451,2027,3,4,mercredi,50,10,4,1,1,1,1,10,150,30,60,240,0,0,0,0,0,0,240
2027-03-04,452,2027,3,5,jeudi,50,10,4,1,1,1,1,10,150,30,60,240,0,0,0,0,0,0,240
2027-03-05,453,2027,3,6,vendredi,50,10,4,1.3,1,1,1.3,13,195,39,78,312,0,0,0,0,0,0,312
2027-03-06,454,2027,3,7,samedi,50,10,4,1.5,1,1,1.5,15,225,45,90,360,0,0,0,0,0,0,360
2027-03-07,455,2027,3,1,dimanche,50,10,4,1.1,1,1,1.1,11,165,33,66,264,0,300,0,0,0,300,-36
2027-03-08,456,2027,3,2,lundi,50,10,4,0.8,1,1,0.8,8,120,24,48,192,0,0,0,0,0,0,192
2027-03-09,457,2027,3,3,mardi,50,10,4,0.9,1,1,0.9,9,135,27,54,216,0,0,0,0,0,0,216
2027-03-10,458,2027,3,4,mercredi,50,10,4,1,1,1,1,10,150,30,60,240,0,0,0,0,0,0,240
2027-03-11,459,2027,3,5,jeudi,50,10,4,1,1,1,1,10,150,30,60,240,0,0,0,0,0,0,240
2027-03-12,460,2027,3,6,vendredi,50,10,4,1.3,1,1,1.3,13,195,39,78,312,0,0,0,0,0,0,312
2027-03-13,461,2027,3,7,samedi,50,10,4,1.5,1,1,1.5,15,225,45,90,360,0,0,0,0,0,0,360
2027-03-14,462,2027,3,1,dimanche,50,10,4,1.1,1,1,1.1,11,165,33,66,264,0,300,0,0,0,300,-36
2027-03-15,463,2027,3,2,lundi,50,10,4,0.8,1,1,0.8,8,120,24,48,192,0,0,0,0,0,0,192
2027-03-16,464,2027,3,3,mardi,50,10,4,0.9,1,1,0.9,9,135,27,54,216,0,0,0,0,0,0,216
2027-03-17,465,2027,3,4,mercredi,50,10,4,1,1,1,1,10,150,30,60,240,0,0,0,0,0,0,240
2027-03-18,466,2027,3,5,jeudi,50,10,4,1,1,1,1,10,150,30,60,240,0,0,0,0,0,0,240
2027-03-19,467,2027,3,6,vendredi,50,10,4,1.3,1,1,1.3,13,195,39,78,312,0,0,0,0,0,0,312
2027-03-20,468,2027,3,7,samedi,50,10,4,1.5,1,1,1.5,15,225,45,90,360,0,0,0,0,0,0,360
2027-03-21,469,2027,3,1,dimanche,50,10,4,1.1,1,1,1.1,11,165,33,66,264,0,300,0,0,0,300,-36
2027-03-22,470,2027,3,2,lundi,50,10,4,0.8,1,1,0.8,8,120,24,48,192,0,0,0,0,0,0,192
2027-03-23,471,2027,3,3,mardi,50,10,4,0.9,1,1,0.9,9,135,27,54,216,0,0,0,0,0,0,216
2027-03-24,472,2027,3,4,mercredi,50,10,4,1,1,1,1,10,150,30,60,240,0,0,0,0,0,0,240
2027-03-25,473,2027,3,5,jeudi,50,10,4,1,1,1,1,10,150,30,60,240,0,0,0,0,0,0,240
2027-03-26,474,2027,3,6,vendredi,50,10,4,1.3,1,1,1.3,13,195,39,78,312,0,0,0,0,0,0,312
2027-03-27,475,2027,3,7,samedi,50,10,4,1.5,1,1,1.5,15,225,45,90,360,0,0,0,0,0,0,360
2027-03-28,476,2027,3,1,dimanche,50,10,4,1.1,1,1,1.1,11,165,33,66,264,0,300,0,0,0,300,-36
2027-03-29,477,2027,3,2,lundi,50,10,4,0.8,1.4,1,1.12,11.2,168,33.6,67.2,268.8,0,0,0,0,0,0,268.8
2027-03-30,478,2027,3,3,mardi,50,10,4,0.9,1.4,1,1.26,12.6,189,37.8,75.6,302.4,0,0,0,0,0,0,302.4
2027-03-31,479,2027,3,4,mercredi,50,10,4,1,1.4,1,1.4,14,210,42,84,336,0,0,0,0,0,0,336
2027-04-01,480,2027,4,5,jeudi,50,10,4,1,1.4,1,1.4,14,210,42,84,336,0,0,6000,0,0,6000,-5664
2027-04-02,481,2027,4,6,vendredi,50,10,4,1.3,1.4,1,1.82,18.2,273,54.6,109.2,436.8,0,0,0,0,0,0,436.8
2027-04-03,482,2027,4,7,samedi,50,10,4,1.5,1.4,1,2.1,21,315,63,126,504,0,0,0,0,0,0,504
2027-04-04,483,2027,4,1,dimanche,50,10,4,1.1,1.4,1,1.54,15.4,231,46.2,92.4,369.6,0,300,0,0,0,300,69.6
2027-04-05,484,2027,4,2,lundi,50,10,4,0.8,1.4,1,1.12,11.2,168,33.6,67.2,268.8,0,0,0,0,0,0,268.8
2027-04-06,485,2027,4,3,mardi,50,10,4,0.9,1,1,0.9,9,135,27,54,216,0,0,0,0,0,0,216
2027-04-07,486,2027,4,4,mercredi,50,10,4,1,1,1,1,10,150,30,60,240,0,0,0,0,0,0,240
2027-04-08,487,2027,4,5,jeudi,50,10,4,1,1,1,1,10,150,30,60,240,0,0,0,0,0,0,240
2027-04-09,488,2027,4,6,vendredi,50,10,4,1.3,1,1,1.3,13,195,39,78,312,0,0,0,0,0,0,312
2027-04-10,489,2027,4,7,samedi,50,10,4,1.5,1,1,1.5,15,225,45,90,360,0,0,0,0,0,0,360
2027-04-11,490,2027,4,1,dimanche,50,10,4,1.1,1,1,1.1,11,165,33,66,264,0,300,0,0,0,300,-36
2027-04-12,491,2027,4,2,lundi,50,10,4,0.8,1,1,0.8,8,120,24,48,192,0,0,0,0,0,0,192
2027-04-13,492,2027,4,3,mardi,50,10,4,0.9,1,1,0.9,9,135,27,54,216,0,0,0,0,0,0,216
2027-04-14,493,2027,4,4,mercredi,50,10,4,1,1,1,1,10,150,30,60,240,0,0,0,0,0,0,240
2027-04-15,494,2027,4,5,jeudi,50,10,4,1,1,1,1,10,150,30,60,240,0,0,0,0,0,0,240
2027-04-16,495,2027,4,6,vendredi,50,10,4,1.3,1,1,1.3,13,195,39,78,312,0,0,0,0,0,0,312
2027-04-17,496,2027,4,7,samedi,50,10,4,1.5,1,1,1.5,15,225,45,90,360,0,0,0,0,0,0,360
2027-04-18,497,2027,4,1,dimanche,50,10,4,1.1,1,1,1.1,11,165,33,66,264,0,300,0,0,0,300,-36
2027-04-19,498,2027,4,2,lundi,50,10,4,0.8,1,1,0.8,8,120,24,48,192,0,0,0,0,0,0,192
2027-04-20,499,2027,4,3,mardi,50,10,4,0.9,1,1,0.9,9,135,27,54,216,0,0,0,0,0,0,216
2027-04-21,500,2027,4,4,mercredi,50,10,4,1,1,1,1,10,150,30,60,240,0,0,0,0,0,0,240
2027-04-22,501,2027,4,5,jeudi,50,10,4,1,1,1,1,10,150,30,60,240,0,0,0,0,0,0,240
2027-04-23,502,2027,4,6,vendredi,50,10,4,1.3,1,1,1.3,13,195,39,78,312,0,0,0,0,0,0,312
2027-04-24,503,2027,4,7,samedi,50,10,4,1.5,1,1,1.5,15,225,45,90,360,0,0,0,0,0,0,360
2027-04-25,504,2027,4,1,dimanche,50,10,4,1.1,1,1,1.1,11,165,33,66,264,0,300,0,0,0,300,-36
2027-04-26,505,2027,4,2,lundi,50,10,4,0.8,1,1,0.8,8,120,24,48,192,0,0,0,0,0,0,192
2027-04-27,506,2027,4,3,mardi,50,10,4,0.9,1,1,0.9,9,135,27,54,216,0,0,0,0,0,0,216
2027-04-28,507,2027,4,4,mercredi,50,10,4,1,1,1,1,10,150,30,60,240,0,0,0,0,0,0,240
2027-04-29,508,2027,4,5,jeudi,50,10,4,1,1,1,1,10,150,30,60,240,0,0,0,0,0,0,240
2027-04-30,509,2027,4,6,vendredi,50,10,4,1.3,1,1,1.3,13,195,39,78,312,0,0,0,0,0,0,312
2027-05-01,510,2027,5,7,samedi,50,10,4,1.5,1,1,1.5,15,225,45,90,360,0,0,6000,0,0,6000,-5640
2027-05-02,511,2027,5,1,dimanche,50,10,4,1.1,1,1,1.1,11,165,33,66,264,0,300,0,0,0,300,-36
2027-05-03,512,2027,5,2,lundi,50,10,4,0.8,1,1,0.8,8,120,24,48,192,0,0,0,0,0,0,192
2027-05-04,513,2027,5,3,mardi,50,10,4,0.9,1,1,0.9,9,135,27,54,216,0,0,0,0,0,0,216
2027-05-05,514,2027,5,4,mercredi,50,10,4,1,1,1,1,10,150,30,60,240,0,0,0,0,0,0,240
2027-05-06,515,2027,5,5,jeudi,50,10,4,1,1,1,1,10,150,30,60,240,0,0,0,0,0,0,240
2027-05-07,516,2027,5,6,vendredi,50,10,4,1.3,1,1,1.3,13,195,39,78,312,0,0,0,0,0,0,312
2027-05-08,517,2027,5,7,samedi,50,10,4,1.5,1,1,1.5,15,225,45,90,360,0,0,0,0,0,0,360
2027-05-09,518,2027,5,1,dimanche,50,10,4,1.1,1,1,1.1,11,165,33,66,264,0,300,0,0,0,300,-36
2027-05-10,519,2027,5,2,lundi,50,10,4,0.8,1,1,0.8,8,120,24,48,192,0,0,0,0,0,0,192
2027-05-11,520,2027,5,3,mardi,50,10,4,0.9,1,1,0.9,9,135,27,54,216,0,0,0,0,0,0,216
2027-05-12,521,2027,5,4,mercredi,50,10,4,1,1,1,1,10,150,30,60,240,0,0,0,0,0,0,240
2027-05-13,522,2027,5,5,jeudi,50,10,4,1,1,1,1,10,150,30,60,240,0,0,0,0,0,0,240
2027-05-14,523,2027,5,6,vendredi,50,10,4,1.3,1,1,1.3,13,195,39,78,312,0,0,0,0,0,0,312
2027-05-15,524,2027,5,7,samedi,50,10,4,1.5,1,1,1.5,15,225,45,90,360,0,0,0,0,0,0,360
2027-05-16,525,2027,5,1,dimanche,50,10,4,1.1,1,1,1.1,11,165,33,66,264,0,300,0,0,0,300,-36
2027-05-17,526,2027,5,2,lundi,50,10,4,0.8,1,1,0.8,8,120,24,48,192,0,0,0,0,0,0,192
2027-05-18,527,2027,5,3,mardi,50,10,4,0.9,1,1,0.9,9,135,27,54,216,0,0,0,0,0,0,216
2027-05-19,528,2027,5,4,mercredi,50,10,4,1,1,1,1,10,150,30,60,240,0,0,0,0,0,0,240
2027-05-20,529,2027,5,5,jeudi,50,10,4,1,1,1,1,10,150,30,60,240,0,0,0,0,0,0,240
2027-05-21,530,2027,5,6,vendredi,50,10,4,1.3,1,1,1.3,13,195,39,78,312,0,0,0,0,0,0,312
2027-05-22,531,2027,5,7,samedi,50,10,4,1.5,1,1,1.5,15,225,45,90,360,0,0,0,0,0,0,360
2027-05-23,532,2027,5,1,dimanche,50,10,4,1.1,1,1,1.1,11,165,33,66,264,0,300,0,0,0,300,-36
2027-05-24,533,2027,5,2,lundi,50,10,4,0.8,1,1,0.8,8,120,24,48,192,0,0,0,0,0,0,192
2027-05-25,534,2027,5,3,mardi,50,10,4,0.9,1,1,0.9,9,135,27,54,216,0,0,0,0,0,0,216
2027-05-26,535,2027,5,4,mercredi,50,10,4,1,1,1,1,10,150,30,60,240,0,0,0,0,0,0,240
2027-05-27,536,2027,5,5,jeudi,50,10,4,1,1,1,1,10,150,30,60,240,0,0,0,0,0,0,240
2027-05-28,537,2027,5,6,vendredi,50,10,4,1.3,1,1,1.3,13,195,39,78,312,0,0,0,0,0,0,312
2027-05-29,538,2027,5,7,samedi,50,10,4,1.5,1,1,1.5,15,225,45,90,360,0,0,0,0,0,0,360
2027-05-30,539,2027,5,1,dimanche,50,10,4,1.1,1,1,1.1,11,165,33,66,264,0,300,0,0,0,300,-36
2027-05-31,540,2027,5,2,lundi,50,10,4,0.8,1,1,0.8,8,120,24,48,192,0,0,0,0,0,0,192
2027-06-01,541,2027,6,3,mardi,50,10,4,0.9,1,1,0.9,9,135,27,54,216,0,0,6000,0,0,6000,-5784
2027-06-02,542,2027,6,4,mercredi,50,10,4,1,1,1,1,10,150,30,60,240,0,0,0,0,0,0,240
2027-06-03,543,2027,6,5,jeudi,50,10,4,1,1,1,1,10,150,30,60,240,0,0,0,0,0,0,240
2027-06-04,544,2027,6,6,vendredi,50,10,4,1.3,1,1,1.3,13,195,39,78,312,0,0,0,0,0,0,312
2027-06-05,545,2027,6,7,samedi,50,10,4,1.5,1,1,1.5,15,225,45,90,360,0,0,0,0,0,0,360
2027-06-06,546,2027,6,1,dimanche,50,10,4,1.1,1,1,1.1,11,165,33,66,264,0,300,0,0,0,300,-36
2027-06-07,547,2027,6,2,lundi,50,10,4,0.8,1,1,0.8,8,120,24,48,192,0,0,0,0,0,0,192
2027-06-08,548,2027,6,3,mardi,50,10,4,0.9,1,1,0.9,9,135,27,54,216,0,0,0,0,0,0,216
2027-06-09,549,2027,6,4,mercredi,50,10,4,1,1,1,1,10,150,30,60,240,0,0,0,0,0,0,240
2027-06-10,550,2027,6,5,jeudi,50,10,4,1,1,1,1,10,150,30,60,240,0,0,0,0,0,0,240
2027-06-11,551,2027,6,6,vendredi,50,10,4,1.3,1,1,1.3,13,195,39,78,312,0,0,0,0,0,0,312
2027-06-12,552,2027,6,7,samedi,50,10,4,1.5,1,1,1.5,15,225,45,90,360,0,0,0,0,0,0,360
2027-06-13,553,2027,6,1,dimanche,50,10,4,1.1,1,1,1.1,11,165,33,66,264,0,300,0,0,0,300,-36
2027-06-14,554,2027,6,2,lundi,50,10,4,0.8,1,1,0.8,8,120,24,48,192,0,0,0,0,0,0,192
2027-06-15,555,2027,6,3,mardi,50,10,4,0.9,1,1,0.9,9,135,27,54,216,0,0,0,0,0,0,216
2027-06-16,556,2027,6,4,mercredi,50,10,4,1,1,1,1,10,150,30,60,240,0,0,0,0,0,0,240
2027-06-17,557,2027,6,5,jeudi,50,10,4,1,1,1,1,10,150,30,60,240,0,0,0,0,0,0,240
2027-06-18,558,2027,6,6,vendredi,50,10,4,1.3,1,1,1.3,13,195,39,78,312,0,0,0,0,0,0,312
2027-06-19,559,2027,6,7,samedi,50,10,4,1.5,1,1,1.5,15,225,45,90,360,0,0,0,0,0,0,360
2027-06-20,560,2027,6,1,dimanche,50,10,4,1.1,1,1,1.1,11,165,33,66,264,0,300,0,0,0,300,-36
2027-06-21,561,2027,6,2,lundi,50,10,4,0.8,1,1,0.8,8,120,24,48,192,0,0,0,0,0,0,192
2027-06-22,562,2027,6,3,mardi,50,10,4,0.9,1,1,0.9,9,135,27,54,216,0,0,0,0,0,0,216
2027-06-23,563,2027,6,4,mercredi,50,10,4,1,1,1,1,10,150,30,60,240,0,0,0,0,0,0,240
2027-06-24,564,2027,6,5,jeudi,50,10,4,1,1,1,1,10,150,30,60,240,0,0,0,0,0,0,240
2027-06-25,565,2027,6,6,vendredi,50,10,4,1.3,1,1,1.3,13,195,39,78,312,0,0,0,0,0,0,312
2027-06-26,566,2027,6,7,samedi,50,10,4,1.5,1,1,1.5,15,225,45,90,360,0,0,0,0,0,0,360
2027-06-27,567,2027,6,1,dimanche,50,10,4,1.1,1,1,1.1,11,165,33,66,264,0,300,0,0,0,300,-36
2027-06-28,568,2027,6,2,lundi,50,10,4,0.8,1,1,0.8,8,120,24,48,192,0,0,0,0,0,0,192
2027-06-29,569,2027,6,3,mardi,50,10,4,0.9,1,1,0.9,9,135,27,54,216,0,0,0,0,0,0,216
2027-06-30,570,2027,6,4,mercredi,50,10,4,1,1,1,1,10,150,30,60,240,0,0,0,0,0,0,240
2027-07-01,571,2027,7,5,jeudi,50,10,4,1,1.2,1,1.2,12,180,36,72,288,0,0,6000,0,0,6000,-5712
2027-07-02,572,2027,7,6,vendredi,50,10,4,1.3,1.2,1,1.56,15.6,234,46.8,93.6,374.4,0,0,0,0,0,0,374.4
2027-07-03,573,2027,7,7,samedi,50,10,4,1.5,1.2,1,1.8,18,270,54,108,432,0,0,0,0,0,0,432
2027-07-04,574,2027,7,1,dimanche,50,10,4,1.1,1.2,1,1.32,13.2,198,39.6,79.2,316.8,0,300,0,0,0,300,16.8
2027-07-05,575,2027,7,2,lundi,50,10,4,0.8,1.2,1,0.96,9.6,144,28.8,57.6,230.4,0,0,0,0,0,0,230.4
2027-07-06,576,2027,7,3,mardi,50,10,4,0.9,1.2,1,1.08,10.8,162,32.4,64.8,259.2,0,0,0,0,0,0,259.2
2027-07-07,577,2027,7,4,mercredi,50,10,4,1,1.2,1,1.2,12,180,36,72,288,0,0,0,0,0,0,288
2027-07-08,578,2027,7,5,jeudi,50,10,4,1,1.2,1,1.2,12,180,36,72,288,0,0,0,0,0,0,288
2027-07-09,579,2027,7,6,vendredi,50,10,4,1.3,1.2,1,1.56,15.6,234,46.8,93.6,374.4,0,0,0,0,0,0,374.4
2027-07-10,580,2027,7,7,samedi,50,10,4,1.5,1.2,1,1.8,18,270,54,108,432,0,0,0,0,0,0,432
2027-07-11,581,2027,7,1,dimanche,50,10,4,1.1,1.2,1,1.32,13.2,198,39.6,79.2,316.8,0,300,0,0,0,300,16.8
2027-07-12,582,2027,7,2,lundi,50,10,4,0.8,1.2,1,0.96,9.6,144,28.8,57.6,230.4,0,0,0,0,0,0,230.4
2027-07-13,583,2027,7,3,mardi,50,10,4,0.9,1.2,1,1.08,10.8,162,32.4,64.8,259.2,0,0,0,0,0,0,259.2
2027-07-14,584,2027,7,4,mercredi,50,10,4,1,1.2,1,1.2,12,180,36,72,288,0,0,0,0,0,0,288
2027-07-15,585,2027,7,5,jeudi,50,10,4,1,1.2,1,1.2,12,180,36,72,288,0,0,0,0,0,0,288
2027-07-16,586,2027,7,6,vendredi,50,10,4,1.3,1.2,1,1.56,15.6,234,46.8,93.6,374.4,0,0,0,0,0,0,374.4
2027-07-17,587,2027,7,7,samedi,50,10,4,1.5,1.2,1,1.8,18,270,54,108,432,0,0,0,0,0,0,432
2027-07-18,588,2027,7,1,dimanche,50,10,4,1.1,1.2,1,1.32,13.2,198,39.6,79.2,316.8,0,300,0,0,0,300,16.8
2027-07-19,589,2027,7,2,lundi,50,10,4,0.8,1.2,1,0.96,9.6,144,28.8,57.6,230.4,0,0,0,0,0,0,230.4
2027-07-20,590,2027,7,3,mardi,50,10,4,0.9,1.2,1,1.08,10.8,162,32.4,64.8,259.2,0,0,0,0,0,0,259.2
2027-07-21,591,2027,7,4,mercredi,50,10,4,1,1.2,1,1.2,12,180,36,72,288,0,0,0,0,0,0,288
2027-07-22,592,2027,7,5,jeudi,50,10,4,1,1.2,1,1.2,12,180,36,72,288,0,0,0,0,0,0,288
2027-07-23,593,2027,7,6,vendredi,50,10,4,1.3,1.2,1,1.56,15.6,234,46.8,93.6,374.4,0,0,0,0,0,0,374.4
2027-07-24,594,2027,7,7,samedi,50,10,4,1.5,1.2,1,1.8,18,270,54,108,432,0,0,0,0,0,0,432
2027-07-25,595,2027,7,1,dimanche,50,10,4,1.1,1.2,1,1.32,13.2,198,39.6,79.2,316.8,0,300,0,0,0,300,16.8
2027-07-26,596,2027,7,2,lundi,50,10,4,0.8,1.2,1,0.96,9.6,144,28.8,57.6,230.4,0,0,0,0,0,0,230.4
2027-07-27,597,2027,7,3,mardi,50,10,4,0.9,1.2,1,1.08,10.8,162,32.4,64.8,259.2,0,0,0,0,0,0,259.2
2027-07-28,598,2027,7,4,mercredi,50,10,4,1,1.2,1,1.2,12,180,36,72,288,0,0,0,0,0,0,288
2027-07-29,599,2027,7,5,jeudi,50,10,4,1,1.2,1,1.2,12,180,36,72,288,0,0,0,0,0,0,288
2027-07-30,600,2027,7,6,vendredi,50,10,4,1.3,1.2,1,1.56,15.6,234,46.8,93.6,374.4,0,0,0,0,0,0,374.4
2027-07-31,601,2027,7,7,samedi,50,10,4,1.5,1.2,1,1.8,18,270,54,108,432,0,0,0,0,0,0,432
2027-08-01,602,2027,8,1,dimanche,50,10,4,1.1,1.2,1,1.32,13.2,198,39.6,79.2,316.8,0,300,6000,0,0,6300,-5983.2
2027-08-02,603,2027,8,2,lundi,50,10,4,0.8,1.2,1,0.96,9.6,144,28.8,57.6,230.4,0,0,0,0,0,0,230.4
2027-08-03,604,2027,8,3,mardi,50,10,4,0.9,1.2,1,1.08,10.8,162,32.4,64.8,259.2,0,0,0,0,0,0,259.2
2027-08-04,605,2027,8,4,mercredi,50,10,4,1,1.2,1,1.2,12,180,36,72,288,0,0,0,0,0,0,288
2027-08-05,606,2027,8,5,jeudi,50,10,4,1,1.2,1,1.2,12,180,36,72,288,0,0,0,0,0,0,288
2027-08-06,607,2027,8,6,vendredi,50,10,4,1.3,1.2,1,1.56,15.6,234,46.8,93.6,374.4,0,0,0,0,0,0,374.4
2027-08-07,608,2027,8,7,samedi,50,10,4,1.5,1.2,1,1.8,18,270,54,108,432,0,0,0,0,0,0,432
2027-08-08,609,2027,8,1,dimanche,50,10,4,1.1,1.2,1,1.32,13.2,198,39.6,79.2,316.8,0,300,0,0,0,300,16.8
2027-08-09,610,2027,8,2,lundi,50,10,4,0.8,1.2,1,0.96,9.6,144,28.8,57.6,230.4,0,0,0,0,0,0,230.4
2027-08-10,611,2027,8,3,mardi,50,10,4,0.9,1.2,1,1.08,10.8,162,32.4,64.8,259.2,0,0,0,0,0,0,259.2
2027-08-11,612,2027,8,4,mercredi,50,10,4,1,1.2,1,1.2,12,180,36,72,288,0,0,0,0,0,0,288
2027-08-12,613,2027,8,5,jeudi,50,10,4,1,1.2,1,1.2,12,180,36,72,288,0,0,0,0,0,0,288
2027-08-13,614,2027,8,6,vendredi,50,10,4,1.3,1.2,1,1.56,15.6,234,46.8,93.6,374.4,0,0,0,0,0,0,374.4
2027-08-14,615,2027,8,7,samedi,50,10,4,1.5,1.2,1,1.8,18,270,54,108,432,0,0,0,0,0,0,432
2027-08-15,616,2027,8,1,dimanche,50,10,4,1.1,1.2,1,1.32,13.2,198,39.6,79.2,316.8,0,300,0,0,0,300,16.8
2027-08-16,617,2027,8,2,lundi,50,10,4,0.8,1.2,1,0.96,9.6,144,28.8,57.6,230.4,0,0,0,0,0,0,230.4
2027-08-17,618,2027,8,3,mardi,50,10,4,0.9,1.2,1,1.08,10.8,162,32.4,64.8,259.2,0,0,0,0,0,0,259.2
2027-08-18,619,2027,8,4,mercredi,50,10,4,1,1.2,1,1.2,12,180,36,72,288,0,0,0,0,0,0,288
2027-08-19,620,2027,8,5,jeudi,50,10,4,1,1.2,1,1.2,12,180,36,72,288,0,0,0,0,0,0,288
2027-08-20,621,2027,8,6,vendredi,50,10,4,1.3,1.2,1,1.56,15.6,234,46.8,93.6,374.4,0,0,0,0,0,0,374.4
2027-08-21,622,2027,8,7,samedi,50,10,4,1.5,1.2,1,1.8,18,270,54,108,432,0,0,0,0,0,0,432
2027-08-22,623,2027,8,1,dimanche,50,10,4,1.1,1.2,1,1.32,13.2,198,39.6,79.2,316.8,0,300,0,0,0,300,16.8
2027-08-23,624,2027,8,2,lundi,50,10,4,0.8,1.2,1,0.96,9.6,144,28.8,57.6,230.4,0,0,0,0,0,0,230.4
2027-08-24,625,2027,8,3,mardi,50,10,4,0.9,1.2,1,1.08,10.8,162,32.4,64.8,259.2,0,0,0,0,0,0,259.2
2027-08-25,626,2027,8,4,mercredi,50,10,4,1,1.2,1,1.2,12,180,36,72,288,0,0,0,0,0,0,288
2027-08-26,627,2027,8,5,jeudi,50,10,4,1,1.2,1,1.2,12,180,36,72,288,0,0,0,0,0,0,288
2027-08-27,628,2027,8,6,vendredi,50,10,4,1.3,1.2,1,1.56,15.6,234,46.8,93.6,374.4,0,0,0,0,0,0,374.4
2027-08-28,629,2027,8,7,samedi,50,10,4,1.5,1.2,1,1.8,18,270,54,108,432,0,0,0,0,0,0,432
2027-08-29,630,2027,8,1,dimanche,50,10,4,1.1,1.2,1,1.32,13.2,198,39.6,79.2,316.8,0,300,0,0,0,300,16.8
2027-08-30,631,2027,8,2,lundi,50,10,4,0.8,1.2,1,0.96,9.6,144,28.8,57.6,230.4,0,0,0,0,0,0,230.4
2027-08-31,632,2027,8,3,mardi,50,10,4,0.9,1.2,1,1.08,10.8,162,32.4,64.8,259.2,0,0,0,0,0,0,259.2
2027-09-01,633,2027,9,4,mercredi,50,10,4,1,0.7,1,0.7,7,105,21,42,168,0,0,6000,0,0,6000,-5832
2027-09-02,634,2027,9,5,jeudi,50,10,4,1,0.7,1,0.7,7,105,21,42,168,0,0,0,0,0,0,168
2027-09-03,635,2027,9,6,vendredi,50,10,4,1.3,0.7,1,0.91,9.1,136.5,27.3,54.6,218.4,0,0,0,0,0,0,218.4
2027-09-04,636,2027,9,7,samedi,50,10,4,1.5,0.7,1,1.05,10.5,157.5,31.5,63,252,0,0,0,0,0,0,252
2027-09-05,637,2027,9,1,dimanche,50,10,4,1.1,0.7,1,0.77,7.7,115.5,23.1,46.2,184.8,0,300,0,0,0,300,-115.2
2027-09-06,638,2027,9,2,lundi,50,10,4,0.8,0.7,1,0.56,5.6,84,16.8,33.6,134.4,0,0,0,0,0,0,134.4
2027-09-07,639,2027,9,3,mardi,50,10,4,0.9,0.7,1,0.63,6.3,94.5,18.9,37.8,151.2,0,0,0,0,0,0,151.2
2027-09-08,640,2027,9,4,mercredi,50,10,4,1,0.7,1,0.7,7,105,21,42,168,0,0,0,0,0,0,168
2027-09-09,641,2027,9,5,jeudi,50,10,4,1,0.7,1,0.7,7,105,21,42,168,0,0,0,0,0,0,168
2027-09-10,642,2027,9,6,vendredi,50,10,4,1.3,0.7,1,0.91,9.1,136.5,27.3,54.6,218.4,0,0,0,0,0,0,218.4
2027-09-11,643,2027,9,7,samedi,50,10,4,1.5,0.7,1,1.05,10.5,157.5,31.5,63,252,0,0,0,0,0,0,252
2027-09-12,644,2027,9,1,dimanche,50,10,4,1.1,0.7,1,0.77,7.7,115.5,23.1,46.2,184.8,0,300,0,0,0,300,-115.2
2027-09-13,645,2027,9,2,lundi,50,10,4,0.8,0.7,1,0.56,5.6,84,16.8,33.6,134.4,0,0,0,0,0,0,134.4
2027-09-14,646,2027,9,3,mardi,50,10,4,0.9,0.7,1,0.63,6.3,94.5,18.9,37.8,151.2,0,0,0,0,0,0,151.2
2027-09-15,647,2027,9,4,mercredi,50,10,4,1,0.7,1,0.7,7,105,21,42,168,0,0,0,0,0,0,168
2027-09-16,648,2027,9,5,jeudi,50,10,4,1,1,1,1,10,150,30,60,240,0,0,0,0,0,0,240
2027-09-17,649,2027,9,6,vendredi,50,10,4,1.3,1,1,1.3,13,195,39,78,312,0,0,0,0,0,0,312
2027-09-18,650,2027,9,7,samedi,50,10,4,1.5,1,1,1.5,15,225,45,90,360,0,0,0,0,0,0,360
2027-09-19,651,2027,9,1,dimanche,50,10,4,1.1,1,1,1.1,11,165,33,66,264,0,300,0,0,0,300,-36
2027-09-20,652,2027,9,2,lundi,50,10,4,0.8,1,1,0.8,8,120,24,48,192,0,0,0,0,0,0,192
2027-09-21,653,2027,9,3,mardi,50,10,4,0.9,1,1,0.9,9,135,27,54,216,0,0,0,0,0,0,216
2027-09-22,654,2027,9,4,mercredi,50,10,4,1,1,1,1,10,150,30,60,240,0,0,0,0,0,0,240
2027-09-23,655,2027,9,5,jeudi,50,10,4,1,1,1,1,10,150,30,60,240,0,0,0,0,0,0,240
2027-09-24,656,2027,9,6,vendredi,50,10,4,1.3,1,1,1.3,13,195,39,78,312,0,0,0,0,0,0,312
2027-09-25,657,2027,9,7,samedi,50,10,4,1.5,1,1,1.5,15,225,45,90,360,0,0,0,0,0,0,360
2027-09-26,658,2027,9,1,dimanche,50,10,4,1.1,1,1,1.1,11,165,33,66,264,0,300,0,0,0,300,-36
2027-09-27,659,2027,9,2,lundi,50,10,4,0.8,1,1,0.8,8,120,24,48,192,0,0,0,0,0,0,192
2027-09-28,660,2027,9,3,mardi,50,10,4,0.9,1,1,0.9,9,135,27,54,216,0,0,0,0,0,0,216
2027-09-29,661,2027,9,4,mercredi,50,10,4,1,1,1,1,10,150,30,60,240,0,0,0,0,0,0,240
2027-09-30,662,2027,9,5,jeudi,50,10,4,1,1,1,1,10,150,30,60,240,0,0,0,0,0,0,240
2027-10-01,663,2027,10,6,vendredi,50,10,4,1.3,1,1,1.3,13,195,39,78,312,0,0,6000,0,0,6000,-5688
2027-10-02,664,2027,10,7,samedi,50,10,4,1.5,1,1,1.5,15,225,45,90,360,0,0,0,0,0,0,360
2027-10-03,665,2027,10,1,dimanche,50,10,4,1.1,1,1,1.1,11,165,33,66,264,0,300,0,0,0,300,-36
2027-10-04,666,2027,10,2,lundi,50,10,4,0.8,1,1,0.8,8,120,24,48,192,0,0,0,0,0,0,192
2027-10-05,667,2027,10,3,mardi,50,10,4,0.9,1,1,0.9,9,135,27,54,216,0,0,0,0,0,0,216
2027-10-06,668,2027,10,4,mercredi,50,10,4,1,1,1,1,10,150,30,60,240,0,0,0,0,0,0,240
2027-10-07,669,2027,10,5,jeudi,50,10,4,1,1,1,1,10,150,30,60,240,0,0,0,0,0,0,240
2027-10-08,670,2027,10,6,vendredi,50,10,4,1.3,1,1,1.3,13,195,39,78,312,0,0,0,0,0,0,312
2027-10-09,671,2027,10,7,samedi,50,10,4,1.5,1,1,1.5,15,225,45,90,360,0,0,0,0,0,0,360
2027-10-10,672,2027,10,1,dimanche,50,10,4,1.1,1,1,1.1,11,165,33,66,264,0,300,0,0,0,300,-36
2027-10-11,673,2027,10,2,lundi,50,10,4,0.8,1,1,0.8,8,120,24,48,192,0,0,0,0,0,0,192
2027-10-12,674,2027,10,3,mardi,50,10,4,0.9,1,1,0.9,9,135,27,54,216,0,0,0,0,0,0,216
2027-10-13,675,2027,10,4,mercredi,50,10,4,1,1,1,1,10,150,30,60,240,0,0,0,0,0,0,240
2027-10-14,676,2027,10,5,jeudi,50,10,4,1,1,1,1,10,150,30,60,240,0,0,0,0,0,0,240
2027-10-15,677,2027,10,6,vendredi,50,10,4,1.3,1,1,1.3,13,195,39,78,312,0,0,0,0,0,0,312
2027-10-16,678,2027,10,7,samedi,50,10,4,1.5,1,1,1.5,15,225,45,90,360,0,0,0,0,0,0,360
2027-10-17,679,2027,10,1,dimanche,50,10,4,1.1,1,1,1.1,11,165,33,66,264,0,300,0,0,0,300,-36
2027-10-18,680,2027,10,2,lundi,50,10,4,0.8,1,1,0.8,8,120,24,48,192,0,0,0,0,0,0,192
2027-10-19,681,2027,10,3,mardi,50,10,4,0.9,1,1,0.9,9,135,27,54,216,0,0,0,0,0,0,216
2027-10-20,682,2027,10,4,mercredi,50,10,4,1,1,1,1,10,150,30,60,240,0,0,0,0,0,0,240
2027-10-21,683,2027,10,5,jeudi,50,10,4,1,1,1,1,10,150,30,60,240,0,0,0,0,0,0,240
2027-10-22,684,2027,10,6,vendredi,50,10,4,1.3,1,1,1.3,13,195,39,78,312,0,0,0,0,0,0,312
2027-10-23,685,2027,10,7,samedi,50,10,4,1.5,1,1,1.5,15,225,45,90,360,0,0,0,0,0,0,360
2027-10-24,686,2027,10,1,dimanche,50,10,4,1.1,1,1,1.1,11,165,33,66,264,0,300,0,0,0,300,-36
2027-10-25,687,2027,10,2,lundi,50,10,4,0.8,1,1,0.8,8,120,24,48,192,0,0,0,0,0,0,192
2027-10-26,688,2027,10,3,mardi,50,10,4,0.9,1,1,0.9,9,135,27,54,216,0,0,0,0,0,0,216
2027-10-27,689,2027,10,4,mercredi,50,10,4,1,1,1,1,10,150,30,60,240,0,0,0,0,0,0,240
2027-10-28,690,2027,10,5,jeudi,50,10,4,1,1,1,1,10,150,30,60,240,0,0,0,0,0,0,240
2027-10-29,691,2027,10,6,vendredi,50,10,4,1.3,1,1,1.3,13,195,39,78,312,0,0,0,0,0,0,312
2027-10-30,692,2027,10,7,samedi,50,10,4,1.5,1,1,1.5,15,225,45,90,360,0,0,0,0,0,0,360
2027-10-31,693,2027,10,1,dimanche,50,10,4,1.1,1,1,1.1,11,165,33,66,264,0,300,0,0,0,300,-36
2027-11-01,694,2027,11,2,lundi,50,10,4,0.8,1,1,0.8,8,120,24,48,192,0,0,6000,0,0,6000,-5808
2027-11-02,695,2027,11,3,mardi,50,10,4,0.9,1,1,0.9,9,135,27,54,216,0,0,0,0,0,0,216
2027-11-03,696,2027,11,4,mercredi,50,10,4,1,1,1,1,10,150,30,60,240,0,0,0,0,0,0,240
2027-11-04,697,2027,11,5,jeudi,50,10,4,1,1,1,1,10,150,30,60,240,0,0,0,0,0,0,240
2027-11-05,698,2027,11,6,vendredi,50,10,4,1.3,1,1,1.3,13,195,39,78,312,0,0,0,0,0,0,312
2027-11-06,699,2027,11,7,samedi,50,10,4,1.5,1,1,1.5,15,225,45,90,360,0,0,0,0,0,0,360
2027-11-07,700,2027,11,1,dimanche,50,10,4,1.1,1,1,1.1,11,165,33,66,264,0,300,0,0,0,300,-36
2027-11-08,701,2027,11,2,lundi,50,10,4,0.8,1,1,0.8,8,120,24,48,192,0,0,0,0,0,0,192
2027-11-09,702,2027,11,3,mardi,50,10,4,0.9,1,1,0.9,9,135,27,54,216,0,0,0,0,0,0,216
2027-11-10,703,2027,11,4,mercredi,50,10,4,1,1,1,1,10,150,30,60,240,0,0,0,0,0,0,240
2027-11-11,704,2027,11,5,jeudi,50,10,4,1,1,1,1,10,150,30,60,240,0,0,0,0,0,0,240
2027-11-12,705,2027,11,6,vendredi,50,10,4,1.3,1,1,1.3,13,195,39,78,312,0,0,0,0,0,0,312
2027-11-13,706,2027,11,7,samedi,50,10,4,1.5,1,1,1.5,15,225,45,90,360,0,0,0,0,0,0,360
2027-11-14,707,2027,11,1,dimanche,50,10,4,1.1,1,1,1.1,11,165,33,66,264,0,300,0,0,0,300,-36
2027-11-15,708,2027,11,2,lundi,50,10,4,0.8,1,1,0.8,8,120,24,48,192,0,0,0,0,0,0,192
2027-11-16,709,2027,11,3,mardi,50,10,4,0.9,1,1,0.9,9,135,27,54,216,0,0,0,0,0,0,216
2027-11-17,710,2027,11,4,mercredi,50,10,4,1,1,1,1,10,150,30,60,240,0,0,0,0,0,0,240
2027-11-18,711,2027,11,5,jeudi,50,10,4,1,1,1,1,10,150,30,60,240,0,0,0,0,0,0,240
2027-11-19,712,2027,11,6,vendredi,50,10,4,1.3,1,1,1.3,13,195,39,78,312,0,0,0,0,0,0,312
2027-11-20,713,2027,11,7,samedi,50,10,4,1.5,1,1,1.5,15,225,45,90,360,0,0,0,0,0,0,360
2027-11-21,714,2027,11,1,dimanche,50,10,4,1.1,1,1,1.1,11,165,33,66,264,0,300,0,0,0,300,-36
2027-11-22,715,2027,11,2,lundi,50,10,4,0.8,1,1,0.8,8,120,24,48,192,0,0,0,0,0,0,192
2027-11-23,716,2027,11,3,mardi,50,10,4,0.9,1,1,0.9,9,135,27,54,216,0,0,0,0,0,0,216
2027-11-24,717,2027,11,4,mercredi,50,10,4,1,1,1,1,10,150,30,60,240,0,0,0,0,0,0,240
2027-11-25,718,2027,11,5,jeudi,50,10,4,1,1,1,1,10,150,30,60,240,0,0,0,0,0,0,240
2027-11-26,719,2027,11,6,vendredi,50,10,4,1.3,1,1,1.3,13,195,39,78,312,0,0,0,0,0,0,312
2027-11-27,720,2027,11,7,samedi,50,10,4,1.5,1,1,1.5,15,225,45,90,360,0,0,0,0,0,0,360
2027-11-28,721,2027,11,1,dimanche,50,10,4,1.1,1,1,1.1,11,165,33,66,264,0,300,0,0,0,300,-36
2027-11-29,722,2027,11,2,lundi,50,10,4,0.8,1,1,0.8,8,120,24,48,192,0,0,0,0,0,0,192
2027-11-30,723,2027,11,3,mardi,50,10,4,0.9,1,1,0.9,9,135,27,54,216,0,0,0,0,0,0,216
2027-12-01,724,2027,12,4,mercredi,50,10,4,1,1,1,1,10,150,30,60,240,0,0,6000,0,0,6000,-5760
2027-12-02,725,2027,12,5,jeudi,50,10,4,1,1,1,1,10,150,30,60,240,0,0,0,0,0,0,240
2027-12-03,726,2027,12,6,vendredi,50,10,4,1.3,1,1,1.3,13,195,39,78,312,0,0,0,0,0,0,312
2027-12-04,727,2027,12,7,samedi,50,10,4,1.5,1,1,1.5,15,225,45,90,360,0,0,0,0,0,0,360
2027-12-05,728,2027,12,1,dimanche,50,10,4,1.1,1,1,1.1,11,165,33,66,264,0,300,0,0,0,300,-36
2027-12-06,729,2027,12,2,lundi,50,10,4,0.8,1,1,0.8,8,120,24,48,192,0,0,0,0,0,0,192
2027-12-07,730,2027,12,3,mardi,50,10,4,0.9,1,1,0.9,9,135,27,54,216,0,0,0,0,0,0,216
2027-12-08,731,2027,12,4,mercredi,50,10,4,1,1,1,1,10,150,30,60,240,0,0,0,0,0,0,240
2027-12-09,732,2027,12,5,jeudi,50,10,4,1,1,1,1,10,150,30,60,240,0,0,0,0,0,0,240
2027-12-10,733,2027,12,6,vendredi,50,10,4,1.3,1,1,1.3,13,195,39,78,312,0,0,0,0,0,0,312
2027-12-11,734,2027,12,7,samedi,50,10,4,1.5,1,1,1.5,15,225,45,90,360,0,0,0,0,0,0,360
2027-12-12,735,2027,12,1,dimanche,50,10,4,1.1,1,1,1.1,11,165,33,66,264,0,300,0,0,0,300,-36
2027-12-13,736,2027,12,2,lundi,50,10,4,0.8,1,1,0.8,8,120,24,48,192,0,0,0,0,0,0,192
2027-12-14,737,2027,12,3,mardi,50,10,4,0.9,1,1,0.9,9,135,27,54,216,0,0,0,0,0,0,216
2027-12-15,738,2027,12,4,mercredi,50,10,4,1,1,1,1,10,150,30,60,240,0,0,0,0,0,0,240
2027-12-16,739,2027,12,5,jeudi,50,10,4,1,1,1,1,10,150,30,60,240,0,0,0,0,0,0,240
2027-12-17,740,2027,12,6,vendredi,50,10,4,1.3,1,1,1.3,13,195,39,78,312,0,0,0,0,0,0,312
2027-12-18,741,2027,12,7,samedi,50,10,4,1.5,1,1,1.5,15,225,45,90,360,0,0,0,0,0,0,360
2027-12-19,742,2027,12,1,dimanche,50,10,4,1.1,1,1,1.1,11,165,33,66,264,0,300,0,0,0,300,-36
2027-12-20,743,2027,12,2,lundi,50,10,4,0.8,1.8,1,1.44,14.4,216,43.2,86.4,345.6,0,0,0,0,0,0,345.6
2027-12-21,744,2027,12,3,mardi,50,10,4,0.9,1.8,1,1.62,16.2,243,48.6,97.2,388.8,0,0,0,0,0,0,388.8
2027-12-22,745,2027,12,4,mercredi,50,10,4,1,1.8,1,1.8,18,270,54,108,432,0,0,0,0,0,0,432
2027-12-23,746,2027,12,5,jeudi,50,10,4,1,1.8,1,1.8,18,270,54,108,432,0,0,0,0,0,0,432
2027-12-24,747,2027,12,6,vendredi,50,10,4,1.3,1.8,1,2.34,23.4,351,70.2,140.4,561.6,0,0,0,0,0,0,561.6
2027-12-25,748,2027,12,7,samedi,50,10,4,1.5,1.8,1,2.7,27,405,81,162,648,0,0,0,0,0,0,648
2027-12-26,749,2027,12,1,dimanche,50,10,4,1.1,1.8,1,1.98,19.8,297,59.4,118.8,475.2,0,300,0,0,0,300,175.2
2027-12-27,750,2027,12,2,lundi,50,10,4,0.8,1.8,1,1.44,14.4,216,43.2,86.4,345.6,0,0,0,0,0,0,345.6
2027-12-28,751,2027,12,3,mardi,50,10,4,0.9,1.8,1,1.62,16.2,243,48.6,97.2,388.8,0,0,0,0,0,0,388.8
2027-12-29,752,2027,12,4,mercredi,50,10,4,1,1.8,1,1.8,18,270,54,108,432,0,0,0,0,0,0,432
2027-12-30,753,2027,12,5,jeudi,50,10,4,1,1.8,1,1.8,18,270,54,108,432,0,0,0,0,0,0,432
2027-12-31,754,2027,12,6,vendredi,50,10,4,1.3,1.8,1,2.34,23.4,351,70.2,140.4,561.6,0,0,0,0,0,0,561.6
2028-01-01,755,2028,1,7,samedi,50,10,4,1.5,1,1,1.5,15,225,45,90,360,0,0,6000,7000,0,13000,-12640
2028-01-02,756,2028,1,1,dimanche,50,10,4,1.1,1,1,1.1,11,165,33,66,264,0,300,0,0,0,300,-36
2028-01-03,757,2028,1,2,lundi,50,10,4,0.8,1,1,0.8,8,120,24,48,192,0,0,0,0,0,0,192
2028-01-04,758,2028,1,3,mardi,50,10,4,0.9,1,1,0.9,9,135,27,54,216,0,0,0,0,0,0,216
2028-01-05,759,2028,1,4,mercredi,50,10,4,1,1,1,1,10,150,30,60,240,0,0,0,0,0,0,240
2028-01-06,760,2028,1,5,jeudi,50,10,4,1,1,1,1,10,150,30,60,240,0,0,0,0,0,0,240
2028-01-07,761,2028,1,6,vendredi,50,10,4,1.3,1,1,1.3,13,195,39,78,312,0,0,0,0,0,0,312
2028-01-08,762,2028,1,7,samedi,50,10,4,1.5,1,1,1.5,15,225,45,90,360,0,0,0,0,0,0,360
2028-01-09,763,2028,1,1,dimanche,50,10,4,1.1,1,1,1.1,11,165,33,66,264,0,300,0,0,0,300,-36
2028-01-10,764,2028,1,2,lundi,50,10,4,0.8,1,1,0.8,8,120,24,48,192,0,0,0,0,0,0,192
2028-01-11,765,2028,1,3,mardi,50,10,4,0.9,1,1,0.9,9,135,27,54,216,0,0,0,0,0,0,216
2028-01-12,766,2028,1,4,mercredi,50,10,4,1,1,1,1,10,150,30,60,240,0,0,0,0,0,0,240
2028-01-13,767,2028,1,5,jeudi,50,10,4,1,1,1,1,10,150,30,60,240,0,0,0,0,0,0,240
2028-01-14,768,2028,1,6,vendredi,50,10,4,1.3,1,1,1.3,13,195,39,78,312,0,0,0,0,0,0,312
2028-01-15,769,2028,1,7,samedi,50,10,4,1.5,1,1,1.5,15,225,45,90,360,0,0,0,0,0,0,360
2028-01-16,770,2028,1,1,dimanche,50,10,4,1.1,1,1,1.1,11,165,33,66,264,0,300,0,0,0,300,-36
2028-01-17,771,2028,1,2,lundi,50,10,4,0.8,1,1,0.8,8,120,24,48,192,0,0,0,0,0,0,192
2028-01-18,772,2028,1,3,mardi,50,10,4,0.9,1,1,0.9,9,135,27,54,216,0,0,0,0,0,0,216
2028-01-19,773,2028,1,4,mercredi,50,10,4,1,1,1,1,10,150,30,60,240,0,0,0,0,0,0,240
2028-01-20,774,2028,1,5,jeudi,50,10,4,1,1,1,1,10,150,30,60,240,0,0,0,0,0,0,240
2028-01-21,775,2028,1,6,vendredi,50,10,4,1.3,1,1,1.3,13,195,39,78,312,0,0,0,0,0,0,312
2028-01-22,776,2028,1,7,samedi,50,10,4,1.5,1,1,1.5,15,225,45,90,360,0,0,0,0,0,0,360
2028-01-23,777,2028,1,1,dimanche,50,10,4,1.1,1,1,1.1,11,165,33,66,264,0,300,0,0,0,300,-36
2028-01-24,778,2028,1,2,lundi,50,10,4,0.8,1,1,0.8,8,120,24,48,192,0,0,0,0,0,0,192
2028-01-25,779,2028,1,3,mardi,50,10,4,0.9,1,1,0.9,9,135,27,54,216,0,0,0,0,0,0,216
2028-01-26,780,2028,1,4,mercredi,50,10,4,1,1,1,1,10,150,30,60,240,0,0,0,0,0,0,240
2028-01-27,781,2028,1,5,jeudi,50,10,4,1,1,1,1,10,150,30,60,240,0,0,0,0,0,0,240
2028-01-28,782,2028,1,6,vendredi,50,10,4,1.3,1,1,1.3,13,195,39,78,312,0,0,0,0,0,0,312
2028-01-29,783,2028,1,7,samedi,50,10,4,1.5,1,1,1.5,15,225,45,90,360,0,0,0,0,0,0,360
2028-01-30,784,2028,1,1,dimanche,50,10,4,1.1,1,1,1.1,11,165,33,66,264,0,300,0,0,0,300,-36
2028-01-31,785,2028,1,2,lundi,50,10,4,0.8,1,1,0.8,8,120,24,48,192,0,0,0,0,0,0,192
2028-02-01,786,2028,2,3,mardi,50,10,4,0.9,1,1,0.9,9,135,27,54,216,0,0,6000,0,0,6000,-5784
2028-02-02,787,2028,2,4,mercredi,50,10,4,1,1,1,1,10,150,30,60,240,0,0,0,0,0,0,240
2028-02-03,788,2028,2,5,jeudi,50,10,4,1,1,1,1,10,150,30,60,240,0,0,0,0,0,0,240
2028-02-04,789,2028,2,6,vendredi,50,10,4,1.3,1,1,1.3,13,195,39,78,312,0,0,0,0,0,0,312
2028-02-05,790,2028,2,7,samedi,50,10,4,1.5,1,1,1.5,15,225,45,90,360,0,0,0,0,0,0,360
2028-02-06,791,2028,2,1,dimanche,50,10,4,1.1,1,1,1.1,11,165,33,66,264,0,300,0,0,0,300,-36
2028-02-07,792,2028,2,2,lundi,50,10,4,0.8,1,1,0.8,8,120,24,48,192,0,0,0,0,0,0,192
2028-02-08,793,2028,2,3,mardi,50,10,4,0.9,2.5,1,2.25,22.5,337.5,67.5,135,540,0,0,0,0,0,0,540
2028-02-09,794,2028,2,4,mercredi,50,10,4,1,2.5,1,2.5,25,375,75,150,600,0,0,0,0,0,0,600
2028-02-10,795,2028,2,5,jeudi,50,10,4,1,2.5,1,2.5,25,375,75,150,600,0,0,0,0,0,0,600
2028-02-11,796,2028,2,6,vendredi,50,10,4,1.3,2.5,1,3.25,32.5,487.5,97.5,195,780,0,0,0,0,0,0,780
2028-02-12,797,2028,2,7,samedi,50,10,4,1.5,2.5,1,3.75,37.5,562.5,112.5,225,900,0,0,0,0,0,0,900
2028-02-13,798,2028,2,1,dimanche,50,10,4,1.1,2.5,1,2.75,27.5,412.5,82.5,165,660,0,300,0,0,0,300,360
2028-02-14,799,2028,2,2,lundi,50,10,4,0.8,2.5,1,2,20,300,60,120,480,0,0,0,0,0,0,480
2028-02-15,800,2028,2,3,mardi,50,10,4,0.9,1,1,0.9,9,135,27,54,216,0,0,0,0,0,0,216
2028-02-16,801,2028,2,4,mercredi,50,10,4,1,1,1,1,10,150,30,60,240,0,0,0,0,0,0,240
2028-02-17,802,2028,2,5,jeudi,50,10,4,1,1,1,1,10,150,30,60,240,0,0,0,0,0,0,240
2028-02-18,803,2028,2,6,vendredi,50,10,4,1.3,1,1,1.3,13,195,39,78,312,0,0,0,0,0,0,312
2028-02-19,804,2028,2,7,samedi,50,10,4,1.5,1,1,1.5,15,225,45,90,360,0,0,0,0,0,0,360
2028-02-20,805,2028,2,1,dimanche,50,10,4,1.1,1,1,1.1,11,165,33,66,264,0,300,0,0,0,300,-36
2028-02-21,806,2028,2,2,lundi,50,10,4,0.8,1,1,0.8,8,120,24,48,192,0,0,0,0,0,0,192
2028-02-22,807,2028,2,3,mardi,50,10,4,0.9,1,1,0.9,9,135,27,54,216,0,0,0,0,0,0,216
2028-02-23,808,2028,2,4,mercredi,50,10,4,1,1,1,1,10,150,30,60,240,0,0,0,0,0,0,240
2028-02-24,809,2028,2,5,jeudi,50,10,4,1,1,1,1,10,150,30,60,240,0,0,0,0,0,0,240
2028-02-25,810,2028,2,6,vendredi,50,10,4,1.3,1,1,1.3,13,195,39,78,312,0,0,0,0,0,0,312
2028-02-26,811,2028,2,7,samedi,50,10,4,1.5,1,1,1.5,15,225,45,90,360,0,0,0,0,0,0,360
2028-02-27,812,2028,2,1,dimanche,50,10,4,1.1,1,1,1.1,11,165,33,66,264,0,300,0,0,0,300,-36
2028-02-28,813,2028,2,2,lundi,50,10,4,0.8,1,1,0.8,8,120,24,48,192,0,0,0,0,0,0,192
2028-02-29,814,2028,2,3,mardi,50,10,4,0.9,1,1,0.9,9,135,27,54,216,0,0,0,0,0,0,216
2028-03-01,815,2028,3,4,mercredi,50,10,4,1,1,1,1,10,150,30,60,240,0,0,6000,0,0,6000,-5760
2028-03-02,816,2028,3,5,jeudi,50,10,4,1,1,1,1,10,150,30,60,240,0,0,0,0,0,0,240
2028-03-03,817,2028,3,6,vendredi,50,10,4,1.3,1,1,1.3,13,195,39,78,312,0,0,0,0,0,0,312
2028-03-04,818,2028,3,7,samedi,50,10,4,1.5,1,1,1.5,15,225,45,90,360,0,0,0,0,0,0,360
2028-03-05,819,2028,3,1,dimanche,50,10,4,1.1,1,1,1.1,11,165,33,66,264,0,300,0,0,0,300,-36
2028-03-06,820,2028,3,2,lundi,50,10,4,0.8,1,1,0.8,8,120,24,48,192,0,0,0,0,0,0,192
2028-03-07,821,2028,3,3,mardi,50,10,4,0.9,1,1,0.9,9,135,27,54,216,0,0,0,0,0,0,216
2028-03-08,822,2028,3,4,mercredi,50,10,4,1,1,1,1,10,150,30,60,240,0,0,0,0,0,0,240
2028-03-09,823,2028,3,5,jeudi,50,10,4,1,1,1,1,10,150,30,60,240,0,0,0,0,0,0,240
2028-03-10,824,2028,3,6,vendredi,50,10,4,1.3,1,1,1.3,13,195,39,78,312,0,0,0,0,0,0,312
2028-03-11,825,2028,3,7,samedi,50,10,4,1.5,1,1,1.5,15,225,45,90,360,0,0,0,0,0,0,360
2028-03-12,826,2028,3,1,dimanche,50,10,4,1.1,1,1,1.1,11,165,33,66,264,0,300,0,0,0,300,-36
2028-03-13,827,2028,3,2,lundi,50,10,4,0.8,1,1,0.8,8,120,24,48,192,0,0,0,0,0,0,192
2028-03-14,828,2028,3,3,mardi,50,10,4,0.9,1,1,0.9,9,135,27,54,216,0,0,0,0,0,0,216
2028-03-15,829,2028,3,4,mercredi,50,10,4,1,1,1,1,10,150,30,60,240,0,0,0,0,0,0,240
2028-03-16,830,2028,3,5,jeudi,50,10,4,1,1,1,1,10,150,30,60,240,0,0,0,0,0,0,240
2028-03-17,831,2028,3,6,vendredi,50,10,4,1.3,1,1,1.3,13,195,39,78,312,0,0,0,0,0,0,312
2028-03-18,832,2028,3,7,samedi,50,10,4,1.5,1,1,1.5,15,225,45,90,360,0,0,0,0,0,0,360
2028-03-19,833,2028,3,1,dimanche,50,10,4,1.1,1,1,1.1,11,165,33,66,264,0,300,0,0,0,300,-36
2028-03-20,834,2028,3,2,lundi,50,10,4,0.8,1,1,0.8,8,120,24,48,192,0,0,0,0,0,0,192
2028-03-21,835,2028,3,3,mardi,50,10,4,0.9,1,1,0.9,9,135,27,54,216,0,0,0,0,0,0,216
2028-03-22,836,2028,3,4,mercredi,50,10,4,1,1,1,1,10,150,30,60,240,0,0,0,0,0,0,240
2028-03-23,837,2028,3,5,jeudi,50,10,4,1,1,1,1,10,150,30,60,240,0,0,0,0,0,0,240
2028-03-24,838,2028,3,6,vendredi,50,10,4,1.3,1,1,1.3,13,195,39,78,312,0,0,0,0,0,0,312
2028-03-25,839,2028,3,7,samedi,50,10,4,1.5,1,1,1.5,15,225,45,90,360,0,0,0,0,0,0,360
2028-03-26,840,2028,3,1,dimanche,50,10,4,1.1,1,1,1.1,11,165,33,66,264,0,300,0,0,0,300,-36
2028-03-27,841,2028,3,2,lundi,50,10,4,0.8,1,1,0.8,8,120,24,48,192,0,0,0,0,0,0,192
2028-03-28,842,2028,3,3,mardi,50,10,4,0.9,1,1,0.9,9,135,27,54,216,0,0,0,0,0,0,216
2028-03-29,843,2028,3,4,mercredi,50,10,4,1,1.4,1,1.4,14,210,42,84,336,0,0,0,0,0,0,336
2028-03-30,844,2028,3,5,jeudi,50,10,4,1,1.4,1,1.4,14,210,42,84,336,0,0,0,0,0,0,336
2028-03-31,845,2028,3,6,vendredi,50,10,4,1.3,1.4,1,1.82,18.2,273,54.6,109.2,436.8,0,0,0,0,0,0,436.8
2028-04-01,846,2028,4,7,samedi,50,10,4,1.5,1.4,1,2.1,21,315,63,126,504,0,0,6000,0,0,6000,-5496
2028-04-02,847,2028,4,1,dimanche,50,10,4,1.1,1.4,1,1.54,15.4,231,46.2,92.4,369.6,0,300,0,0,0,300,69.6
2028-04-03,848,2028,4,2,lundi,50,10,4,0.8,1.4,1,1.12,11.2,168,33.6,67.2,268.8,0,0,0,0,0,0,268.8
2028-04-04,849,2028,4,3,mardi,50,10,4,0.9,1.4,1,1.26,12.6,189,37.8,75.6,302.4,0,0,0,0,0,0,302.4
2028-04-05,850,2028,4,4,mercredi,50,10,4,1,1.4,1,1.4,14,210,42,84,336,0,0,0,0,0,0,336
2028-04-06,851,2028,4,5,jeudi,50,10,4,1,1,1,1,10,150,30,60,240,0,0,0,0,0,0,240
2028-04-07,852,2028,4,6,vendredi,50,10,4,1.3,1,1,1.3,13,195,39,78,312,0,0,0,0,0,0,312
2028-04-08,853,2028,4,7,samedi,50,10,4,1.5,1,1,1.5,15,225,45,90,360,0,0,0,0,0,0,360
2028-04-09,854,2028,4,1,dimanche,50,10,4,1.1,1,1,1.1,11,165,33,66,264,0,300,0,0,0,300,-36
2028-04-10,855,2028,4,2,lundi,50,10,4,0.8,1,1,0.8,8,120,24,48,192,0,0,0,0,0,0,192
2028-04-11,856,2028,4,3,mardi,50,10,4,0.9,1,1,0.9,9,135,27,54,216,0,0,0,0,0,0,216
2028-04-12,857,2028,4,4,mercredi,50,10,4,1,1,1,1,10,150,30,60,240,0,0,0,0,0,0,240
2028-04-13,858,2028,4,5,jeudi,50,10,4,1,1,1,1,10,150,30,60,240,0,0,0,0,0,0,240
2028-04-14,859,2028,4,6,vendredi,50,10,4,1.3,1,1,1.3,13,195,39,78,312,0,0,0,0,0,0,312
2028-04-15,860,2028,4,7,samedi,50,10,4,1.5,1,1,1.5,15,225,45,90,360,0,0,0,0,0,0,360
2028-04-16,861,2028,4,1,dimanche,50,10,4,1.1,1,1,1.1,11,165,33,66,264,0,300,0,0,0,300,-36
2028-04-17,862,2028,4,2,lundi,50,10,4,0.8,1,1,0.8,8,120,24,48,192,0,0,0,0,0,0,192
2028-04-18,863,2028,4,3,mardi,50,10,4,0.9,1,1,0.9,9,135,27,54,216,0,0,0,0,0,0,216
2028-04-19,864,2028,4,4,mercredi,50,10,4,1,1,1,1,10,150,30,60,240,0,0,0,0,0,0,240
2028-04-20,865,2028,4,5,jeudi,50,10,4,1,1,1,1,10,150,30,60,240,0,0,0,0,0,0,240
2028-04-21,866,2028,4,6,vendredi,50,10,4,1.3,1,1,1.3,13,195,39,78,312,0,0,0,0,0,0,312
2028-04-22,867,2028,4,7,samedi,50,10,4,1.5,1,1,1.5,15,225,45,90,360,0,0,0,0,0,0,360
2028-04-23,868,2028,4,1,dimanche,50,10,4,1.1,1,1,1.1,11,165,33,66,264,0,300,0,0,0,300,-36
2028-04-24,869,2028,4,2,lundi,50,10,4,0.8,1,1,0.8,8,120,24,48,192,0,0,0,0,0,0,192
2028-04-25,870,2028,4,3,mardi,50,10,4,0.9,1,1,0.9,9,135,27,54,216,0,0,0,0,0,0,216
2028-04-26,871,2028,4,4,mercredi,50,10,4,1,1,1,1,10,150,30,60,240,0,0,0,0,0,0,240
2028-04-27,872,2028,4,5,jeudi,50,10,4,1,1,1,1,10,150,30,60,240,0,0,0,0,0,0,240
2028-04-28,873,2028,4,6,vendredi,50,10,4,1.3,1,1,1.3,13,195,39,78,312,0,0,0,0,0,0,312
2028-04-29,874,2028,4,7,samedi,50,10,4,1.5,1,1,1.5,15,225,45,90,360,0,0,0,0,0,0,360
2028-04-30,875,2028,4,1,dimanche,50,10,4,1.1,1,1,1.1,11,165,33,66,264,0,300,0,0,0,300,-36
2028-05-01,876,2028,5,2,lundi,50,10,4,0.8,1,1,0.8,8,120,24,48,192,0,0,6000,0,0,6000,-5808
2028-05-02,877,2028,5,3,mardi,50,10,4,0.9,1,1,0.9,9,135,27,54,216,0,0,0,0,0,0,216
2028-05-03,878,2028,5,4,mercredi,50,10,4,1,1,1,1,10,150,30,60,240,0,0,0,0,0,0,240
2028-05-04,879,2028,5,5,jeudi,50,10,4,1,1,1,1,10,150,30,60,240,0,0,0,0,0,0,240
2028-05-05,880,2028,5,6,vendredi,50,10,4,1.3,1,1,1.3,13,195,39,78,312,0,0,0,0,0,0,312
2028-05-06,881,2028,5,7,samedi,50,10,4,1.5,1,1,1.5,15,225,45,90,360,0,0,0,0,0,0,360
2028-05-07,882,2028,5,1,dimanche,50,10,4,1.1,1,1,1.1,11,165,33,66,264,0,300,0,0,0,300,-36
2028-05-08,883,2028,5,2,lundi,50,10,4,0.8,1,1,0.8,8,120,24,48,192,0,0,0,0,0,0,192
2028-05-09,884,2028,5,3,mardi,50,10,4,0.9,1,1,0.9,9,135,27,54,216,0,0,0,0,0,0,216
2028-05-10,885,2028,5,4,mercredi,50,10,4,1,1,1,1,10,150,30,60,240,0,0,0,0,0,0,240
2028-05-11,886,2028,5,5,jeudi,50,10,4,1,1,1,1,10,150,30,60,240,0,0,0,0,0,0,240
2028-05-12,887,2028,5,6,vendredi,50,10,4,1.3,1,1,1.3,13,195,39,78,312,0,0,0,0,0,0,312
2028-05-13,888,2028,5,7,samedi,50,10,4,1.5,1,1,1.5,15,225,45,90,360,0,0,0,0,0,0,360
2028-05-14,889,2028,5,1,dimanche,50,10,4,1.1,1,1,1.1,11,165,33,66,264,0,300,0,0,0,300,-36
2028-05-15,890,2028,5,2,lundi,50,10,4,0.8,1,1,0.8,8,120,24,48,192,0,0,0,0,0,0,192
2028-05-16,891,2028,5,3,mardi,50,10,4,0.9,1,1,0.9,9,135,27,54,216,0,0,0,0,0,0,216
2028-05-17,892,2028,5,4,mercredi,50,10,4,1,1,1,1,10,150,30,60,240,0,0,0,0,0,0,240
2028-05-18,893,2028,5,5,jeudi,50,10,4,1,1,1,1,10,150,30,60,240,0,0,0,0,0,0,240
2028-05-19,894,2028,5,6,vendredi,50,10,4,1.3,1,1,1.3,13,195,39,78,312,0,0,0,0,0,0,312
2028-05-20,895,2028,5,7,samedi,50,10,4,1.5,1,1,1.5,15,225,45,90,360,0,0,0,0,0,0,360
2028-05-21,896,2028,5,1,dimanche,50,10,4,1.1,1,1,1.1,11,165,33,66,264,0,300,0,0,0,300,-36
2028-05-22,897,2028,5,2,lundi,50,10,4,0.8,1,1,0.8,8,120,24,48,192,0,0,0,0,0,0,192
2028-05-23,898,2028,5,3,mardi,50,10,4,0.9,1,1,0.9,9,135,27,54,216,0,0,0,0,0,0,216
2028-05-24,899,2028,5,4,mercredi,50,10,4,1,1,1,1,10,150,30,60,240,0,0,0,0,0,0,240
2028-05-25,900,2028,5,5,jeudi,50,10,4,1,1,1,1,10,150,30,60,240,0,0,0,0,0,0,240
2028-05-26,901,2028,5,6,vendredi,50,10,4,1.3,1,1,1.3,13,195,39,78,312,0,0,0,0,0,0,312
2028-05-27,902,2028,5,7,samedi,50,10,4,1.5,1,1,1.5,15,225,45,90,360,0,0,0,0,0,0,360
2028-05-28,903,2028,5,1,dimanche,50,10,4,1.1,1,1,1.1,11,165,33,66,264,0,300,0,0,0,300,-36
2028-05-29,904,2028,5,2,lundi,50,10,4,0.8,1,1,0.8,8,120,24,48,192,0,0,0,0,0,0,192
2028-05-30,905,2028,5,3,mardi,50,10,4,0.9,1,1,0.9,9,135,27,54,216,0,0,0,0,0,0,216
2028-05-31,906,2028,5,4,mercredi,50,10,4,1,1,1,1,10,150,30,60,240,0,0,0,0,0,0,240
2028-06-01,907,2028,6,5,jeudi,50,10,4,1,1,1,1,10,150,30,60,240,0,0,6000,0,0,6000,-5760
2028-06-02,908,2028,6,6,vendredi,50,10,4,1.3,1,1,1.3,13,195,39,78,312,0,0,0,0,0,0,312
2028-06-03,909,2028,6,7,samedi,50,10,4,1.5,1,1,1.5,15,225,45,90,360,0,0,0,0,0,0,360
2028-06-04,910,2028,6,1,dimanche,50,10,4,1.1,1,1,1.1,11,165,33,66,264,0,300,0,0,0,300,-36
2028-06-05,911,2028,6,2,lundi,50,10,4,0.8,1,1,0.8,8,120,24,48,192,0,0,0,0,0,0,192
2028-06-06,912,2028,6,3,mardi,50,10,4,0.9,1,1,0.9,9,135,27,54,216,0,0,0,0,0,0,216
2028-06-07,913,2028,6,4,mercredi,50,10,4,1,1,1,1,10,150,30,60,240,0,0,0,0,0,0,240
2028-06-08,914,2028,6,5,jeudi,50,10,4,1,1,1,1,10,150,30,60,240,0,0,0,0,0,0,240
2028-06-09,915,2028,6,6,vendredi,50,10,4,1.3,1,1,1.3,13,195,39,78,312,0,0,0,0,0,0,312
2028-06-10,916,2028,6,7,samedi,50,10,4,1.5,1,1,1.5,15,225,45,90,360,0,0,0,0,0,0,360
2028-06-11,917,2028,6,1,dimanche,50,10,4,1.1,1,1,1.1,11,165,33,66,264,0,300,0,0,0,300,-36
2028-06-12,918,2028,6,2,lundi,50,10,4,0.8,1,1,0.8,8,120,24,48,192,0,0,0,0,0,0,192
2028-06-13,919,2028,6,3,mardi,50,10,4,0.9,1,1,0.9,9,135,27,54,216,0,0,0,0,0,0,216
2028-06-14,920,2028,6,4,mercredi,50,10,4,1,1,1,1,10,150,30,60,240,0,0,0,0,0,0,240
2028-06-15,921,2028,6,5,jeudi,50,10,4,1,1,1,1,10,150,30,60,240,0,0,0,0,0,0,240
2028-06-16,922,2028,6,6,vendredi,50,10,4,1.3,1,1,1.3,13,195,39,78,312,0,0,0,0,0,0,312
2028-06-17,923,2028,6,7,samedi,50,10,4,1.5,1,1,1.5,15,225,45,90,360,0,0,0,0,0,0,360
2028-06-18,924,2028,6,1,dimanche,50,10,4,1.1,1,1,1.1,11,165,33,66,264,0,300,0,0,0,300,-36
2028-06-19,925,2028,6,2,lundi,50,10,4,0.8,1,1,0.8,8,120,24,48,192,0,0,0,0,0,0,192
2028-06-20,926,2028,6,3,mardi,50,10,4,0.9,1,1,0.9,9,135,27,54,216,0,0,0,0,0,0,216
2028-06-21,927,2028,6,4,mercredi,50,10,4,1,1,1,1,10,150,30,60,240,0,0,0,0,0,0,240
2028-06-22,928,2028,6,5,jeudi,50,10,4,1,1,1,1,10,150,30,60,240,0,0,0,0,0,0,240
2028-06-23,929,2028,6,6,vendredi,50,10,4,1.3,1,1,1.3,13,195,39,78,312,0,0,0,0,0,0,312
2028-06-24,930,2028,6,7,samedi,50,10,4,1.5,1,1,1.5,15,225,45,90,360,0,0,0,0,0,0,360
2028-06-25,931,2028,6,1,dimanche,50,10,4,1.1,1,1,1.1,11,165,33,66,264,0,300,0,0,0,300,-36
2028-06-26,932,2028,6,2,lundi,50,10,4,0.8,1,1,0.8,8,120,24,48,192,0,0,0,0,0,0,192
2028-06-27,933,2028,6,3,mardi,50,10,4,0.9,1,1,0.9,9,135,27,54,216,0,0,0,0,0,0,216
2028-06-28,934,2028,6,4,mercredi,50,10,4,1,1,1,1,10,150,30,60,240,0,0,0,0,0,0,240
2028-06-29,935,2028,6,5,jeudi,50,10,4,1,1,1,1,10,150,30,60,240,0,0,0,0,0,0,240
2028-06-30,936,2028,6,6,vendredi,50,10,4,1.3,1,1,1.3,13,195,39,78,312,0,0,0,0,0,0,312
2028-07-01,937,2028,7,7,samedi,50,10,4,1.5,1.2,1,1.8,18,270,54,108,432,0,0,6000,0,0,6000,-5568
2028-07-02,938,2028,7,1,dimanche,50,10,4,1.1,1.2,1,1.32,13.2,198,39.6,79.2,316.8,0,300,0,0,0,300,16.8
2028-07-03,939,2028,7,2,lundi,50,10,4,0.8,1.2,1,0.96,9.6,144,28.8,57.6,230.4,0,0,0,0,0,0,230.4
2028-07-04,940,2028,7,3,mardi,50,10,4,0.9,1.2,1,1.08,10.8,162,32.4,64.8,259.2,0,0,0,0,0,0,259.2
2028-07-05,941,2028,7,4,mercredi,50,10,4,1,1.2,1,1.2,12,180,36,72,288,0,0,0,0,0,0,288
2028-07-06,942,2028,7,5,jeudi,50,10,4,1,1.2,1,1.2,12,180,36,72,288,0,0,0,0,0,0,288
2028-07-07,943,2028,7,6,vendredi,50,10,4,1.3,1.2,1,1.56,15.6,234,46.8,93.6,374.4,0,0,0,0,0,0,374.4
2028-07-08,944,2028,7,7,samedi,50,10,4,1.5,1.2,1,1.8,18,270,54,108,432,0,0,0,0,0,0,432
2028-07-09,945,2028,7,1,dimanche,50,10,4,1.1,1.2,1,1.32,13.2,198,39.6,79.2,316.8,0,300,0,0,0,300,16.8
2028-07-10,946,2028,7,2,lundi,50,10,4,0.8,1.2,1,0.96,9.6,144,28.8,57.6,230.4,0,0,0,0,0,0,230.4
2028-07-11,947,2028,7,3,mardi,50,10,4,0.9,1.2,1,1.08,10.8,162,32.4,64.8,259.2,0,0,0,0,0,0,259.2
2028-07-12,948,2028,7,4,mercredi,50,10,4,1,1.2,1,1.2,12,180,36,72,288,0,0,0,0,0,0,288
2028-07-13,949,2028,7,5,jeudi,50,10,4,1,1.2,1,1.2,12,180,36,72,288,0,0,0,0,0,0,288
2028-07-14,950,2028,7,6,vendredi,50,10,4,1.3,1.2,1,1.56,15.6,234,46.8,93.6,374.4,0,0,0,0,0,0,374.4
2028-07-15,951,2028,7,7,samedi,50,10,4,1.5,1.2,1,1.8,18,270,54,108,432,0,0,0,0,0,0,432
2028-07-16,952,2028,7,1,dimanche,50,10,4,1.1,1.2,1,1.32,13.2,198,39.6,79.2,316.8,0,300,0,0,0,300,16.8
2028-07-17,953,2028,7,2,lundi,50,10,4,0.8,1.2,1,0.96,9.6,144,28.8,57.6,230.4,0,0,0,0,0,0,230.4
2028-07-18,954,2028,7,3,mardi,50,10,4,0.9,1.2,1,1.08,10.8,162,32.4,64.8,259.2,0,0,0,0,0,0,259.2
2028-07-19,955,2028,7,4,mercredi,50,10,4,1,1.2,1,1.2,12,180,36,72,288,0,0,0,0,0,0,288
2028-07-20,956,2028,7,5,jeudi,50,10,4,1,1.2,1,1.2,12,180,36,72,288,0,0,0,0,0,0,288
2028-07-21,957,2028,7,6,vendredi,50,10,4,1.3,1.2,1,1.56,15.6,234,46.8,93.6,374.4,0,0,0,0,0,0,374.4
2028-07-22,958,2028,7,7,samedi,50,10,4,1.5,1.2,1,1.8,18,270,54,108,432,0,0,0,0,0,0,432
2028-07-23,959,2028,7,1,dimanche,50,10,4,1.1,1.2,1,1.32,13.2,198,39.6,79.2,316.8,0,300,0,0,0,300,16.8
2028-07-24,960,2028,7,2,lundi,50,10,4,0.8,1.2,1,0.96,9.6,144,28.8,57.6,230.4,0,0,0,0,0,0,230.4
2028-07-25,961,2028,7,3,mardi,50,10,4,0.9,1.2,1,1.08,10.8,162,32.4,64.8,259.2,0,0,0,0,0,0,259.2
2028-07-26,962,2028,7,4,mercredi,50,10,4,1,1.2,1,1.2,12,180,36,72,288,0,0,0,0,0,0,288
2028-07-27,963,2028,7,5,jeudi,50,10,4,1,1.2,1,1.2,12,180,36,72,288,0,0,0,0,0,0,288
2028-07-28,964,2028,7,6,vendredi,50,10,4,1.3,1.2,1,1.56,15.6,234,46.8,93.6,374.4,0,0,0,0,0,0,374.4
2028-07-29,965,2028,7,7,samedi,50,10,4,1.5,1.2,1,1.8,18,270,54,108,432,0,0,0,0,0,0,432
2028-07-30,966,2028,7,1,dimanche,50,10,4,1.1,1.2,1,1.32,13.2,198,39.6,79.2,316.8,0,300,0,0,0,300,16.8
2028-07-31,967,2028,7,2,lundi,50,10,4,0.8,1.2,1,0.96,9.6,144,28.8,57.6,230.4,0,0,0,0,0,0,230.4
2028-08-01,968,2028,8,3,mardi,50,10,4,0.9,1.2,1,1.08,10.8,162,32.4,64.8,259.2,0,0,6000,0,0,6000,-5740.8
2028-08-02,969,2028,8,4,mercredi,50,10,4,1,1.2,1,1.2,12,180,36,72,288,0,0,0,0,0,0,288
2028-08-03,970,2028,8,5,jeudi,50,10,4,1,1.2,1,1.2,12,180,36,72,288,0,0,0,0,0,0,288
2028-08-04,971,2028,8,6,vendredi,50,10,4,1.3,1.2,1,1.56,15.6,234,46.8,93.6,374.4,0,0,0,0,0,0,374.4
2028-08-05,972,2028,8,7,samedi,50,10,4,1.5,1.2,1,1.8,18,270,54,108,432,0,0,0,0,0,0,432
2028-08-06,973,2028,8,1,dimanche,50,10,4,1.1,1.2,1,1.32,13.2,198,39.6,79.2,316.8,0,300,0,0,0,300,16.8
2028-08-07,974,2028,8,2,lundi,50,10,4,0.8,1.2,1,0.96,9.6,144,28.8,57.6,230.4,0,0,0,0,0,0,230.4
2028-08-08,975,2028,8,3,mardi,50,10,4,0.9,1.2,1,1.08,10.8,162,32.4,64.8,259.2,0,0,0,0,0,0,259.2
2028-08-09,976,2028,8,4,mercredi,50,10,4,1,1.2,1,1.2,12,180,36,72,288,0,0,0,0,0,0,288
2028-08-10,977,2028,8,5,jeudi,50,10,4,1,1.2,1,1.2,12,180,36,72,288,0,0,0,0,0,0,288
2028-08-11,978,2028,8,6,vendredi,50,10,4,1.3,1.2,1,1.56,15.6,234,46.8,93.6,374.4,0,0,0,0,0,0,374.4
2028-08-12,979,2028,8,7,samedi,50,10,4,1.5,1.2,1,1.8,18,270,54,108,432,0,0,0,0,0,0,432
2028-08-13,980,2028,8,1,dimanche,50,10,4,1.1,1.2,1,1.32,13.2,198,39.6,79.2,316.8,0,300,0,0,0,300,16.8
2028-08-14,981,2028,8,2,lundi,50,10,4,0.8,1.2,1,0.96,9.6,144,28.8,57.6,230.4,0,0,0,0,0,0,230.4
2028-08-15,982,2028,8,3,mardi,50,10,4,0.9,1.2,1,1.08,10.8,162,32.4,64.8,259.2,0,0,0,0,0,0,259.2
2028-08-16,983,2028,8,4,mercredi,50,10,4,1,1.2,1,1.2,12,180,36,72,288,0,0,0,0,0,0,288
2028-08-17,984,2028,8,5,jeudi,50,10,4,1,1.2,1,1.2,12,180,36,72,288,0,0,0,0,0,0,288
2028-08-18,985,2028,8,6,vendredi,50,10,4,1.3,1.2,1,1.56,15.6,234,46.8,93.6,374.4,0,0,0,0,0,0,374.4
2028-08-19,986,2028,8,7,samedi,50,10,4,1.5,1.2,1,1.8,18,270,54,108,432,0,0,0,0,0,0,432
2028-08-20,987,2028,8,1,dimanche,50,10,4,1.1,1.2,1,1.32,13.2,198,39.6,79.2,316.8,0,300,0,0,0,300,16.8
2028-08-21,988,2028,8,2,lundi,50,10,4,0.8,1.2,1,0.96,9.6,144,28.8,57.6,230.4,0,0,0,0,0,0,230.4
2028-08-22,989,2028,8,3,mardi,50,10,4,0.9,1.2,1,1.08,10.8,162,32.4,64.8,259.2,0,0,0,0,0,0,259.2
2028-08-23,990,2028,8,4,mercredi,50,10,4,1,1.2,1,1.2,12,180,36,72,288,0,0,0,0,0,0,288
2028-08-24,991,2028,8,5,jeudi,50,10,4,1,1.2,1,1.2,12,180,36,72,288,0,0,0,0,0,0,288
2028-08-25,992,2028,8,6,vendredi,50,10,4,1.3,1.2,1,1.56,15.6,234,46.8,93.6,374.4,0,0,0,0,0,0,374.4
2028-08-26,993,2028,8,7,samedi,50,10,4,1.5,1.2,1,1.8,18,270,54,108,432,0,0,0,0,0,0,432
2028-08-27,994,2028,8,1,dimanche,50,10,4,1.1,1.2,1,1.32,13.2,198,39.6,79.2,316.8,0,300,0,0,0,300,16.8
2028-08-28,995,2028,8,2,lundi,50,10,4,0.8,1.2,1,0.96,9.6,144,28.8,57.6,230.4,0,0,0,0,0,0,230.4
2028-08-29,996,2028,8,3,mardi,50,10,4,0.9,1.2,1,1.08,10.8,162,32.4,64.8,259.2,0,0,0,0,0,0,259.2
2028-08-30,997,2028,8,4,mercredi,50,10,4,1,1.2,1,1.2,12,180,36,72,288,0,0,0,0,0,0,288
2028-08-31,998,2028,8,5,jeudi,50,10,4,1,1.2,1,1.2,12,180,36,72,288,0,0,0,0,0,0,288
2028-09-01,999,2028,9,6,vendredi,50,10,4,1.3,0.7,1,0.91,9.1,136.5,27.3,54.6,218.4,0,0,6000,0,0,6000,-5781.6
2028-09-02,1000,2028,9,7,samedi,50,10,4,1.5,0.7,1,1.05,10.5,157.5,31.5,63,252,0,0,0,0,0,0,252
2028-09-03,1001,2028,9,1,dimanche,50,10,4,1.1,0.7,1,0.77,7.7,115.5,23.1,46.2,184.8,0,300,0,0,0,300,-115.2
2028-09-04,1002,2028,9,2,lundi,50,10,4,0.8,0.7,1,0.56,5.6,84,16.8,33.6,134.4,0,0,0,0,0,0,134.4
2028-09-05,1003,2028,9,3,mardi,50,10,4,0.9,0.7,1,0.63,6.3,94.5,18.9,37.8,151.2,0,0,0,0,0,0,151.2
2028-09-06,1004,2028,9,4,mercredi,50,10,4,1,0.7,1,0.7,7,105,21,42,168,0,0,0,0,0,0,168
2028-09-07,1005,2028,9,5,jeudi,50,10,4,1,0.7,1,0.7,7,105,21,42,168,0,0,0,0,0,0,168
2028-09-08,1006,2028,9,6,vendredi,50,10,4,1.3,0.7,1,0.91,9.1,136.5,27.3,54.6,218.4,0,0,0,0,0,0,218.4
2028-09-09,1007,2028,9,7,samedi,50,10,4,1.5,0.7,1,1.05,10.5,157.5,31.5,63,252,0,0,0,0,0,0,252
2028-09-10,1008,2028,9,1,dimanche,50,10,4,1.1,0.7,1,0.77,7.7,115.5,23.1,46.2,184.8,0,300,0,0,0,300,-115.2
2028-09-11,1009,2028,9,2,lundi,50,10,4,0.8,0.7,1,0.56,5.6,84,16.8,33.6,134.4,0,0,0,0,0,0,134.4
2028-09-12,1010,2028,9,3,mardi,50,10,4,0.9,0.7,1,0.63,6.3,94.5,18.9,37.8,151.2,0,0,0,0,0,0,151.2
2028-09-13,1011,2028,9,4,mercredi,50,10,4,1,0.7,1,0.7,7,105,21,42,168,0,0,0,0,0,0,168
2028-09-14,1012,2028,9,5,jeudi,50,10,4,1,0.7,1,0.7,7,105,21,42,168,0,0,0,0,0,0,168
2028-09-15,1013,2028,9,6,vendredi,50,10,4,1.3,0.7,1,0.91,9.1,136.5,27.3,54.6,218.4,0,0,0,0,0,0,218.4
2028-09-16,1014,2028,9,7,samedi,50,10,4,1.5,1,1,1.5,15,225,45,90,360,0,0,0,0,0,0,360
2028-09-17,1015,2028,9,1,dimanche,50,10,4,1.1,1,1,1.1,11,165,33,66,264,0,300,0,0,0,300,-36
2028-09-18,1016,2028,9,2,lundi,50,10,4,0.8,1,1,0.8,8,120,24,48,192,0,0,0,0,0,0,192
2028-09-19,1017,2028,9,3,mardi,50,10,4,0.9,1,1,0.9,9,135,27,54,216,0,0,0,0,0,0,216
2028-09-20,1018,2028,9,4,mercredi,50,10,4,1,1,1,1,10,150,30,60,240,0,0,0,0,0,0,240
2028-09-21,1019,2028,9,5,jeudi,50,10,4,1,1,1,1,10,150,30,60,240,0,0,0,0,0,0,240
2028-09-22,1020,2028,9,6,vendredi,50,10,4,1.3,1,1,1.3,13,195,39,78,312,0,0,0,0,0,0,312
2028-09-23,1021,2028,9,7,samedi,50,10,4,1.5,1,1,1.5,15,225,45,90,360,0,0,0,0,0,0,360
2028-09-24,1022,2028,9,1,dimanche,50,10,4,1.1,1,1,1.1,11,165,33,66,264,0,300,0,0,0,300,-36
2028-09-25,1023,2028,9,2,lundi,50,10,4,0.8,1,1,0.8,8,120,24,48,192,0,0,0,0,0,0,192
2028-09-26,1024,2028,9,3,mardi,50,10,4,0.9,1,1,0.9,9,135,27,54,216,0,0,0,0,0,0,216
2028-09-27,1025,2028,9,4,mercredi,50,10,4,1,1,1,1,10,150,30,60,240,0,0,0,0,0,0,240
2028-09-28,1026,2028,9,5,jeudi,50,10,4,1,1,1,1,10,150,30,60,240,0,0,0,0,0,0,240
2028-09-29,1027,2028,9,6,vendredi,50,10,4,1.3,1,1,1.3,13,195,39,78,312,0,0,0,0,0,0,312
2028-09-30,1028,2028,9,7,samedi,50,10,4,1.5,1,1,1.5,15,225,45,90,360,0,0,0,0,0,0,360
2028-10-01,1029,2028,10,1,dimanche,50,10,4,1.1,1,1,1.1,11,165,33,66,264,0,300,6000,0,0,6300,-6036
2028-10-02,1030,2028,10,2,lundi,50,10,4,0.8,1,1,0.8,8,120,24,48,192,0,0,0,0,0,0,192
2028-10-03,1031,2028,10,3,mardi,50,10,4,0.9,1,1,0.9,9,135,27,54,216,0,0,0,0,0,0,216
2028-10-04,1032,2028,10,4,mercredi,50,10,4,1,1,1,1,10,150,30,60,240,0,0,0,0,0,0,240
2028-10-05,1033,2028,10,5,jeudi,50,10,4,1,1,1,1,10,150,30,60,240,0,0,0,0,0,0,240
2028-10-06,1034,2028,10,6,vendredi,50,10,4,1.3,1,1,1.3,13,195,39,78,312,0,0,0,0,0,0,312
2028-10-07,1035,2028,10,7,samedi,50,10,4,1.5,1,1,1.5,15,225,45,90,360,0,0,0,0,0,0,360
2028-10-08,1036,2028,10,1,dimanche,50,10,4,1.1,1,1,1.1,11,165,33,66,264,0,300,0,0,0,300,-36
2028-10-09,1037,2028,10,2,lundi,50,10,4,0.8,1,1,0.8,8,120,24,48,192,0,0,0,0,0,0,192
2028-10-10,1038,2028,10,3,mardi,50,10,4,0.9,1,1,0.9,9,135,27,54,216,0,0,0,0,0,0,216
2028-10-11,1039,2028,10,4,mercredi,50,10,4,1,1,1,1,10,150,30,60,240,0,0,0,0,0,0,240
2028-10-12,1040,2028,10,5,jeudi,50,10,4,1,1,1,1,10,150,30,60,240,0,0,0,0,0,0,240
2028-10-13,1041,2028,10,6,vendredi,50,10,4,1.3,1,1,1.3,13,195,39,78,312,0,0,0,0,0,0,312
2028-10-14,1042,2028,10,7,samedi,50,10,4,1.5,1,1,1.5,15,225,45,90,360,0,0,0,0,0,0,360
2028-10-15,1043,2028,10,1,dimanche,50,10,4,1.1,1,1,1.1,11,165,33,66,264,0,300,0,0,0,300,-36
2028-10-16,1044,2028,10,2,lundi,50,10,4,0.8,1,1,0.8,8,120,24,48,192,0,0,0,0,0,0,192
2028-10-17,1045,2028,10,3,mardi,50,10,4,0.9,1,1,0.9,9,135,27,54,216,0,0,0,0,0,0,216
2028-10-18,1046,2028,10,4,mercredi,50,10,4,1,1,1,1,10,150,30,60,240,0,0,0,0,0,0,240
2028-10-19,1047,2028,10,5,jeudi,50,10,4,1,1,1,1,10,150,30,60,240,0,0,0,0,0,0,240
2028-10-20,1048,2028,10,6,vendredi,50,10,4,1.3,1,1,1.3,13,195,39,78,312,0,0,0,0,0,0,312
2028-10-21,1049,2028,10,7,samedi,50,10,4,1.5,1,1,1.5,15,225,45,90,360,0,0,0,0,0,0,360
2028-10-22,1050,2028,10,1,dimanche,50,10,4,1.1,1,1,1.1,11,165,33,66,264,0,300,0,0,0,300,-36
2028-10-23,1051,2028,10,2,lundi,50,10,4,0.8,1,1,0.8,8,120,24,48,192,0,0,0,0,0,0,192
2028-10-24,1052,2028,10,3,mardi,50,10,4,0.9,1,1,0.9,9,135,27,54,216,0,0,0,0,0,0,216
2028-10-25,1053,2028,10,4,mercredi,50,10,4,1,1,1,1,10,150,30,60,240,0,0,0,0,0,0,240
2028-10-26,1054,2028,10,5,jeudi,50,10,4,1,1,1,1,10,150,30,60,240,0,0,0,0,0,0,240
2028-10-27,1055,2028,10,6,vendredi,50,10,4,1.3,1,1,1.3,13,195,39,78,312,0,0,0,0,0,0,312
2028-10-28,1056,2028,10,7,samedi,50,10,4,1.5,1,1,1.5,15,225,45,90,360,0,0,0,0,0,0,360
2028-10-29,1057,2028,10,1,dimanche,50,10,4,1.1,1,1,1.1,11,165,33,66,264,0,300,0,0,0,300,-36
2028-10-30,1058,2028,10,2,lundi,50,10,4,0.8,1,1,0.8,8,120,24,48,192,0,0,0,0,0,0,192
2028-10-31,1059,2028,10,3,mardi,50,10,4,0.9,1,1,0.9,9,135,27,54,216,0,0,0,0,0,0,216
2028-11-01,1060,2028,11,4,mercredi,50,10,4,1,1,1,1,10,150,30,60,240,0,0,6000,0,0,6000,-5760
2028-11-02,1061,2028,11,5,jeudi,50,10,4,1,1,1,1,10,150,30,60,240,0,0,0,0,0,0,240
2028-11-03,1062,2028,11,6,vendredi,50,10,4,1.3,1,1,1.3,13,195,39,78,312,0,0,0,0,0,0,312
2028-11-04,1063,2028,11,7,samedi,50,10,4,1.5,1,1,1.5,15,225,45,90,360,0,0,0,0,0,0,360
2028-11-05,1064,2028,11,1,dimanche,50,10,4,1.1,1,1,1.1,11,165,33,66,264,0,300,0,0,0,300,-36
2028-11-06,1065,2028,11,2,lundi,50,10,4,0.8,1,1,0.8,8,120,24,48,192,0,0,0,0,0,0,192
2028-11-07,1066,2028,11,3,mardi,50,10,4,0.9,1,1,0.9,9,135,27,54,216,0,0,0,0,0,0,216
2028-11-08,1067,2028,11,4,mercredi,50,10,4,1,1,1,1,10,150,30,60,240,0,0,0,0,0,0,240
2028-11-09,1068,2028,11,5,jeudi,50,10,4,1,1,1,1,10,150,30,60,240,0,0,0,0,0,0,240
2028-11-10,1069,2028,11,6,vendredi,50,10,4,1.3,1,1,1.3,13,195,39,78,312,0,0,0,0,0,0,312
2028-11-11,1070,2028,11,7,samedi,50,10,4,1.5,1,1,1.5,15,225,45,90,360,0,0,0,0,0,0,360
2028-11-12,1071,2028,11,1,dimanche,50,10,4,1.1,1,1,1.1,11,165,33,66,264,0,300,0,0,0,300,-36
2028-11-13,1072,2028,11,2,lundi,50,10,4,0.8,1,1,0.8,8,120,24,48,192,0,0,0,0,0,0,192
2028-11-14,1073,2028,11,3,mardi,50,10,4,0.9,1,1,0.9,9,135,27,54,216,0,0,0,0,0,0,216
2028-11-15,1074,2028,11,4,mercredi,50,10,4,1,1,1,1,10,150,30,60,240,0,0,0,0,0,0,240
2028-11-16,1075,2028,11,5,jeudi,50,10,4,1,1,1,1,10,150,30,60,240,0,0,0,0,0,0,240
2028-11-17,1076,2028,11,6,vendredi,50,10,4,1.3,1,1,1.3,13,195,39,78,312,0,0,0,0,0,0,312
2028-11-18,1077,2028,11,7,samedi,50,10,4,1.5,1,1,1.5,15,225,45,90,360,0,0,0,0,0,0,360
2028-11-19,1078,2028,11,1,dimanche,50,10,4,1.1,1,1,1.1,11,165,33,66,264,0,300,0,0,0,300,-36
2028-11-20,1079,2028,11,2,lundi,50,10,4,0.8,1,1,0.8,8,120,24,48,192,0,0,0,0,0,0,192
2028-11-21,1080,2028,11,3,mardi,50,10,4,0.9,1,1,0.9,9,135,27,54,216,0,0,0,0,0,0,216
2028-11-22,1081,2028,11,4,mercredi,50,10,4,1,1,1,1,10,150,30,60,240,0,0,0,0,0,0,240
2028-11-23,1082,2028,11,5,jeudi,50,10,4,1,1,1,1,10,150,30,60,240,0,0,0,0,0,0,240
2028-11-24,1083,2028,11,6,vendredi,50,10,4,1.3,1,1,1.3,13,195,39,78,312,0,0,0,0,0,0,312
2028-11-25,1084,2028,11,7,samedi,50,10,4,1.5,1,1,1.5,15,225,45,90,360,0,0,0,0,0,0,360
2028-11-26,1085,2028,11,1,dimanche,50,10,4,1.1,1,1,1.1,11,165,33,66,264,0,300,0,0,0,300,-36
2028-11-27,1086,2028,11,2,lundi,50,10,4,0.8,1,1,0.8,8,120,24,48,192,0,0,0,0,0,0,192
2028-11-28,1087,2028,11,3,mardi,50,10,4,0.9,1,1,0.9,9,135,27,54,216,0,0,0,0,0,0,216
2028-11-29,1088,2028,11,4,mercredi,50,10,4,1,1,1,1,10,150,30,60,240,0,0,0,0,0,0,240
2028-11-30,1089,2028,11,5,jeudi,50,10,4,1,1,1,1,10,150,30,60,240,0,0,0,0,0,0,240
2028-12-01,1090,2028,12,6,vendredi,50,10,4,1.3,1,1,1.3,13,195,39,78,312,0,0,6000,0,0,6000,-5688
2028-12-02,1091,2028,12,7,samedi,50,10,4,1.5,1,1,1.5,15,225,45,90,360,0,0,0,0,0,0,360
2028-12-03,1092,2028,12,1,dimanche,50,10,4,1.1,1,1,1.1,11,165,33,66,264,0,300,0,0,0,300,-36
2028-12-04,1093,2028,12,2,lundi,50,10,4,0.8,1,1,0.8,8,120,24,48,192,0,0,0,0,0,0,192
2028-12-05,1094,2028,12,3,mardi,50,10,4,0.9,1,1,0.9,9,135,27,54,216,0,0,0,0,0,0,216
2028-12-06,1095,2028,12,4,mercredi,50,10,4,1,1,1,1,10,150,30,60,240,0,0,0,0,0,0,240
